SchoolName,Employed_BarPassageRequiredFTLT,Employed_BarPassageRequiredFTST,Employed_BarPassageRequiredPTLT,Employed_BarPassageRequiredPTST,Employed_BarPassageRequiredNumber,Employed_JDAdvantageFTLT,Employed_JDAdvantageFTST,Employed_JDAdvantagePTLT,Employed_JDAdvantagePTLST,Employed_JDAdvantageNumber,Employed_ProfessionPositionFTLT,Employed_ProfessionPositionFTST,Employed_ProfessionPositionPTLT,Employed_ProfessionPositionPTST,Employed_ProfessionPositionNumber,Employed_NonProfessionPositionFTLT,Employed_NonProfessionPositionFTST,Employed_NonProfessionPositionPTLT,Employed_NonProfessionPositionPTST,Employed_NonProfessionPositionNumber,Employed_LawSchoolFTLT,Employed_LawSchoolFTST,Employed_LawSchoolPTLT,Employed_LawSchoolPTST,Employed_LawSchoolNumber,Employed_UndeterminableFTLT,Employed_UndeterminableFTST,Employed_UndeterminablePTLT,Employed_UndeterminablePTST,Employed_UndeterminableNumber,PursuingGraduateDegreeNumber,EmployedStartDateDeferredNumber,UnEmployedNotSeekingNumber,UnEmployedSeekingNumber,EmploymentStatusUnknownNumber,Total_GraduatesNumber,Funded_BarPassgeFullTimeLongTerm,Funded_BarPassgeFullTimeShortTerm,Funded_BarPassgePartTimeLongTerm,Funded_BarPassgePartTimeShortTerm,Funded_BarPassgeTotalEmployed,Funded_JDAdvantageFullTimeLongTerm,Funded_JDAdvantageFullTimeShortTerm,Funded_JDAdvantagePartTimeLongTerm,Funded_JDAdvantagePartTimeShortTerm,Funded_JDAdvantageTotalEmployed,Funded_ProfessionFullTimeLongTerm,Funded_ProfessionFullTimeShortTerm,Funded_ProfessionPartTimeLongTerm,Funded_ProfessionPartTimeShortTerm,Funded_ProfessionTotalEmployed,Funded_NONProfessionalFullTimeLongTerm,Funded_NONProfessionalFullTimeShortTerm,Funded_NONProfessionalPartTimeLongTerm,Funded_NONProfessionalPartTimeShortTerm,Funded_NONProfessionalTotalEmployed,Funded_TotFullTimeLongTerm,Funded_TotFullTimeShortTerm,Funded_TotPartTimeLongTerm,Funded_TotPartTimeShortTerm,Funded_TotTotalEmployed,Solo-FTLT,Solo-FTST,Solo-PTLT,Solo-PTST,Solo,1-10-FTLT,1-10-FTST,1-10-PTLT,1-10-PTST,1-10,11-25-FTLT,11-25-FTST,11-25-PTLT,11-25-PTST,11-25,26-50-FTLT,26-50-FTST,26-50-PTLT,26-50-PTST,26-50,51-100-FTLT,51-100-FTST,51-100-PTLT,51-100-PTST,51-100,101-250-FTLT,101-250-FTST,101-250-PTLT,101-250-PTST,101-250,251-500-FTLT,251-500-FTST,251-500-PTLT,251-500-PTST,251-500,501-FTLT,501-FTST,501-PTLT,501-PTST,501-PLUS,Unknown-FTLT,Unknown-FTST,Unknown-PTLT,Unknown-PTST,Unknown,BusinessIndustry_FTLT,BusinessIndustry_FTST,BusinessIndustry_PTLT,BusinessIndustry_PTST,BusinessIndustry,Government_FTLT,Government_FTST,Government_PTLT,Government_PTST,Government,PublicInterest_FTLT,PublicInterest_FTST,PublicInterest_PTLT,PublicInterest_PTST,PublicInterest,Clerkships_Federal_FTLT,Clerkships_Federal_FTST,Clerkships_Federal_PTLT,Clerkships_Federal_PTST,Clerkships_Federal,Clerkships_StateLocal_FTLT,Clerkships_StateLocal_FTST,Clerkships_StateLocal_PTLT,Clerkships_StateLocal_PTST,Clerkships_StateLocal,Clerkships_Other_FTLT,Clerkships_Other_FTST,Clerkships_Other_PTLT,Clerkships_Other_PTST,Clerkships_Other,Education_FTLT,Education_FTST,Education_PTLT,Education_PTST,Education,EmployerTypeUnknown_FTLT,EmployerTypeUnknown_FTST,EmployerTypeUnknown_PTLT,EmployerTypeUnknown_PTST,EmployerTypeUnknown,Total_FTLT,Total_FTST,Total_PTLT,Total_PTST,Total,FirstLargestEmployment,FirstLargestEmploymentNumber,SecondLargestEmployment,SecondLargestEmploymentNumber,ThirdLargestEmployment,ThirdLargestEmploymentNumber,EmployedInForeignCountries
"AKRON, UNIVERSITY OF",82,1,2,1,86,24,0,3,0,27,2,0,2,0,4,1,0,2,0,3,0,0,0,0,0,0,0,0,0,0,0,0,0,8,1,129,0,0,0,0,0,0,0,0,0,0,0,0,0,0,0,0,0,0,0,0,0,0,0,0,0,6,0,0,0,6,27,1,3,0,31,6,0,1,0,7,5,0,0,0,5,5,0,0,0,5,8,0,0,0,8,0,0,0,0,0,1,0,0,0,1,0,0,0,0,0,30,0,4,0,34,14,0,1,1,16,3,0,0,0,3,0,0,0,0,0,2,0,0,0,2,0,0,0,0,0,2,0,0,0,2,0,0,0,0,0,109,1,9,1,120,Ohio,103,Pennsylvania,6,New York,2,1
"ALABAMA, UNIVERSITY OF",107,1,0,1,109,12,0,0,1,13,0,0,0,0,0,0,0,0,0,0,0,0,0,0,0,0,0,0,0,0,2,1,1,7,0,133,0,0,0,0,0,0,0,0,0,0,0,0,0,0,0,0,0,0,0,0,0,0,0,0,0,2,0,0,0,2,18,0,0,0,18,9,0,0,1,10,5,0,0,0,5,5,0,0,0,5,6,0,0,0,6,8,0,0,0,8,13,0,0,0,13,0,0,0,0,0,14,1,0,1,16,18,0,0,0,18,2,0,0,0,2,11,0,0,0,11,4,0,0,0,4,0,0,0,0,0,4,0,0,0,4,0,0,0,0,0,119,1,0,2,122,Alabama,60,Texas,10,Georgia,8,0
ALBANY LAW SCHOOL OF UNION UNIVERSITY,99,0,3,0,102,12,3,3,1,19,1,0,0,0,1,0,0,0,0,0,1,0,0,0,1,0,0,0,0,0,0,1,1,11,0,136,1,0,0,0,1,0,0,0,0,0,0,0,0,0,0,0,0,0,0,0,1,0,0,0,1,1,0,0,0,1,14,0,4,1,19,10,0,0,0,10,7,0,0,0,7,6,0,0,0,6,8,0,0,0,8,11,0,0,0,11,3,0,0,0,3,1,0,0,0,1,7,0,1,0,8,26,3,1,0,30,6,0,0,0,6,3,0,0,0,3,9,0,0,0,9,0,0,0,0,0,1,0,0,0,1,0,0,0,0,0,113,3,6,1,123,New York,110,Massachusetts,3,District of Columbia,2,0
AMERICAN UNIVERSITY,252,3,4,2,261,49,6,1,5,61,8,2,2,0,12,1,0,0,2,3,2,0,0,0,2,0,0,0,0,0,4,4,2,49,5,403,2,0,0,0,2,0,0,0,0,0,0,0,0,0,0,0,0,0,0,0,2,0,0,0,2,1,0,1,0,2,26,0,1,1,28,17,0,0,0,17,9,0,0,0,9,7,0,0,0,7,9,0,0,0,9,13,0,0,0,13,37,1,0,0,38,1,0,1,0,2,34,4,1,4,43,71,4,1,2,78,36,0,1,1,38,11,0,1,0,12,37,2,0,0,39,0,0,0,0,0,3,0,0,1,4,0,0,0,0,0,312,11,7,9,339,District of Columbia,147,Virginia,46,Maryland,44,9
APPALACHIAN SCHOOL OF LAW,13,0,0,0,13,3,1,0,0,4,0,0,0,0,0,1,0,1,0,2,0,0,0,0,0,0,0,0,0,0,0,0,4,8,0,31,0,0,0,0,0,0,0,0,0,0,0,0,0,0,0,0,0,0,0,0,0,0,0,0,0,1,0,0,0,1,6,0,0,0,6,1,0,0,0,1,0,0,0,0,0,0,1,0,0,1,0,0,0,0,0,0,0,0,0,0,0,0,0,0,0,0,0,0,0,0,2,0,1,0,3,2,0,0,0,2,2,0,0,0,2,0,0,0,0,0,3,0,0,0,3,0,0,0,0,0,0,0,0,0,0,0,0,0,0,0,17,1,1,0,19,Virginia,8,West Virginia,4,Kentucky,3,0
ARIZONA STATE UNIVERSITY,221,1,0,0,222,30,3,0,0,33,3,1,1,0,5,1,0,1,1,3,0,0,0,0,0,0,0,0,0,0,5,1,3,7,3,282,0,0,0,0,0,0,0,0,0,0,0,0,0,0,0,0,0,0,0,0,0,0,0,0,0,0,0,0,0,0,71,1,0,0,72,13,0,0,0,13,4,0,0,0,4,7,0,0,0,7,10,0,0,0,10,11,0,0,0,11,11,0,0,0,11,0,0,0,0,0,23,2,2,1,28,35,0,0,0,35,23,0,0,0,23,6,0,0,0,6,30,1,0,0,31,0,0,0,0,0,11,1,0,0,12,0,0,0,0,0,255,5,2,1,263,Arizona,206,California,13,Texas,8,1
"ARIZONA, UNIVERSITY OF",83,0,1,0,84,16,1,2,1,20,1,0,0,0,1,1,0,0,0,1,0,0,0,0,0,0,0,0,0,0,4,0,1,10,0,121,0,0,0,0,0,0,0,0,0,0,0,0,0,0,0,0,0,0,0,0,0,0,0,0,0,0,0,0,0,0,11,0,2,1,14,14,0,0,0,14,3,0,0,0,3,2,0,0,0,2,4,0,0,0,4,0,0,0,0,0,3,0,0,0,3,2,0,1,0,3,9,0,0,0,9,18,0,0,0,18,9,1,0,0,10,3,0,0,0,3,21,0,0,0,21,0,0,0,0,0,2,0,0,0,2,0,0,0,0,0,101,1,3,1,106,Arizona,67,Illinois,5,New Mexico,4,6
"ARKANSAS, FAYETTEVILLE, UNIVERSITY OF",62,1,1,0,64,18,2,1,0,21,3,0,0,0,3,0,0,0,0,0,0,0,0,0,0,0,0,0,0,0,3,2,1,9,1,104,0,0,0,0,0,0,0,0,0,0,0,0,0,0,0,0,0,0,0,0,0,0,0,0,0,4,0,0,0,4,29,0,2,0,31,4,0,0,0,4,5,0,0,0,5,1,0,0,0,1,2,0,0,0,2,1,0,0,0,1,4,0,0,0,4,0,0,0,0,0,23,3,0,0,26,5,0,0,0,5,2,0,0,0,2,3,0,0,0,3,0,0,0,0,0,0,0,0,0,0,0,0,0,0,0,0,0,0,0,0,83,3,2,0,88,Arkansas,65,Texas,10,Oklahoma,4,0
"ARKANSAS, LITTLE ROCK, UNIVERSITY OF",73,1,5,1,80,13,0,2,3,18,7,0,0,0,7,0,0,0,0,0,0,0,0,0,0,0,0,0,0,0,4,1,0,8,3,121,0,0,0,0,0,0,0,0,0,0,0,0,0,0,0,0,0,0,0,0,0,0,0,0,0,2,0,1,0,3,35,0,4,2,41,7,0,0,0,7,4,0,0,0,4,1,0,0,0,1,0,0,0,0,0,0,0,0,0,0,0,0,0,0,0,0,0,0,0,0,13,0,0,0,13,15,0,2,2,19,12,0,0,0,12,2,1,0,0,3,2,0,0,0,2,0,0,0,0,0,0,0,0,0,0,0,0,0,0,0,93,1,7,4,105,Arkansas,81,Texas,4,Colorado,2,0
ATLANTA'S JOHN MARSHALL LAW SCHOOL,64,2,2,0,68,9,0,1,0,10,10,0,0,1,11,1,0,0,1,2,0,0,0,0,0,0,0,0,0,1,2,1,3,24,21,143,0,0,0,0,0,0,0,0,0,0,0,0,0,0,0,0,0,0,0,0,0,0,0,0,0,2,0,0,0,2,35,0,2,0,37,7,0,0,0,7,1,0,0,0,1,2,0,0,0,2,2,0,0,0,2,0,0,0,0,0,1,0,0,0,1,0,0,0,0,0,14,1,0,1,16,14,1,0,0,15,5,0,0,1,6,0,0,0,0,0,0,0,0,0,0,0,0,0,0,0,1,0,0,0,1,0,0,1,0,1,84,2,3,2,91,Georgia,80,Connecticut,1,Florida,1,1
AVE MARIA SCHOOL OF LAW,26,0,3,1,30,5,0,7,5,17,0,0,1,0,1,0,0,1,3,4,0,0,0,0,0,0,0,0,0,0,1,0,4,7,2,66,0,0,0,0,0,0,0,0,0,0,0,0,0,0,0,0,0,0,0,0,0,0,0,0,0,2,0,1,0,3,13,0,4,3,20,2,0,0,0,2,1,0,0,0,1,1,0,0,0,1,4,0,1,0,5,1,0,0,0,1,0,0,0,0,0,0,0,0,1,1,1,0,4,4,9,5,0,1,0,6,0,0,0,0,0,0,0,0,0,0,1,0,1,1,3,0,0,0,0,0,0,0,0,0,0,0,0,0,0,0,31,0,12,9,52,Florida,41,New York,4,Texas,2,1
"BALTIMORE, UNIVERSITY OF",123,5,0,0,128,22,1,2,1,26,11,1,2,0,14,1,0,2,1,4,0,0,0,0,0,0,0,0,0,0,4,0,2,17,3,198,0,0,0,0,0,0,0,0,0,0,0,0,0,0,0,0,0,0,0,0,0,0,0,0,0,0,0,0,0,0,27,0,2,0,29,0,0,0,0,0,3,0,0,0,3,1,0,0,0,1,3,0,0,0,3,1,0,0,0,1,2,0,0,0,2,0,0,0,0,0,16,1,4,1,22,25,1,0,0,26,10,1,0,0,11,2,0,0,0,2,65,4,0,0,69,0,0,0,0,0,2,0,0,1,3,0,0,0,0,0,157,7,6,2,172,Maryland,146,District of Columbia,11,Virginia,4,1
BARRY UNIVERSITY,83,0,6,0,89,13,2,5,7,27,11,3,2,1,17,1,1,1,2,5,0,1,0,0,1,0,1,0,2,3,5,2,6,22,7,184,0,0,0,0,0,0,1,0,0,1,0,0,0,0,0,0,0,0,0,0,0,1,0,0,1,2,0,2,0,4,32,0,6,5,43,5,0,1,0,6,2,0,0,0,2,5,0,0,1,6,4,0,0,0,4,2,0,0,0,2,0,0,0,0,0,0,0,0,2,2,19,3,3,4,29,19,1,0,0,20,12,0,1,0,13,1,0,0,0,1,3,0,0,0,3,0,0,0,0,0,0,3,1,0,4,2,1,0,0,3,108,8,14,12,142,Florida,123,Maryland,2,New Jersey,2,0
BAYLOR UNIVERSITY,116,0,1,0,117,2,0,0,0,2,1,0,0,0,1,0,0,0,0,0,1,0,0,0,1,0,0,0,0,0,0,1,1,3,1,127,1,0,0,0,1,0,0,0,0,0,0,0,0,0,0,0,0,0,0,0,1,0,0,0,1,1,0,0,0,1,29,0,1,0,30,15,0,0,0,15,5,0,0,0,5,7,0,0,0,7,3,0,0,0,3,4,0,0,0,4,9,0,0,0,9,0,0,0,0,0,5,0,0,0,5,26,0,0,0,26,3,0,0,0,3,9,0,0,0,9,3,0,0,0,3,0,0,0,0,0,1,0,0,0,1,0,0,0,0,0,120,0,1,0,121,Texas,109,Alabama,2,Arizona,2,1
BELMONT UNIVERSITY,67,1,3,0,71,3,0,0,0,3,0,1,1,0,2,1,0,0,0,1,0,0,0,0,0,0,0,0,0,0,1,0,0,4,0,82,0,0,0,0,0,0,0,0,0,0,0,0,0,0,0,0,0,0,0,0,0,0,0,0,0,1,0,1,0,2,16,0,0,0,16,5,0,0,0,5,4,0,0,0,4,1,0,0,0,1,3,0,0,0,3,1,0,0,0,1,0,0,0,0,0,2,0,0,0,2,12,1,3,0,16,15,1,0,0,16,3,0,0,0,3,0,0,0,0,0,8,0,0,0,8,0,0,0,0,0,0,0,0,0,0,0,0,0,0,0,71,2,4,0,77,Tennessee,60,Texas,3,Kentucky,2,1
BOSTON COLLEGE,206,3,1,0,210,12,0,0,2,14,1,0,0,0,1,0,0,1,0,1,3,0,0,0,3,0,0,0,0,0,4,1,0,13,0,247,2,0,0,0,2,1,0,0,0,1,0,0,0,0,0,0,0,0,0,0,3,0,0,0,3,0,0,0,0,0,16,0,1,0,17,9,1,0,0,10,8,0,0,0,8,8,0,0,0,8,15,0,0,0,15,12,0,0,0,12,92,0,0,0,92,0,0,0,0,0,19,0,1,2,22,26,0,0,0,26,6,0,0,0,6,4,0,0,0,4,7,2,0,0,9,0,0,0,0,0,0,0,0,0,0,0,0,0,0,0,222,3,2,2,229,Massachusetts,129,New York,39,California,9,5
BOSTON UNIVERSITY,210,2,0,0,212,16,1,0,0,17,2,0,0,0,2,0,0,0,2,2,5,0,0,0,5,0,0,0,0,0,6,0,2,6,0,252,5,0,0,0,5,0,0,0,0,0,0,0,0,0,0,0,0,0,0,0,5,0,0,0,5,0,0,0,0,0,13,0,0,0,13,5,0,0,0,5,10,0,0,0,10,9,1,0,0,10,16,0,0,0,16,25,0,0,0,25,78,0,0,0,78,0,0,0,0,0,26,1,0,0,27,15,1,0,0,16,19,0,0,1,20,4,0,0,0,4,12,0,0,0,12,0,0,0,0,0,1,0,0,1,2,0,0,0,0,0,233,3,0,2,238,Massachusetts,127,New York,52,California,10,3
BRIGHAM YOUNG UNIVERSITY,97,0,2,0,99,18,0,3,0,21,1,0,0,0,1,0,0,0,0,0,4,0,0,0,4,0,0,0,0,0,3,3,1,6,0,138,3,0,0,0,3,1,0,0,0,1,0,0,0,0,0,0,0,0,0,0,4,0,0,0,4,1,0,0,0,1,20,0,1,0,21,7,0,1,0,8,5,0,0,0,5,10,0,0,0,10,6,0,0,0,6,2,0,0,0,2,15,0,0,0,15,0,0,0,0,0,16,0,1,0,17,15,0,2,0,17,6,0,0,0,6,8,0,0,0,8,9,0,0,0,9,0,0,0,0,0,0,0,0,0,0,0,0,0,0,0,120,0,5,0,125,Utah,58,California,11,Texas,8,1
BROOKLYN LAW SCHOOL,240,3,2,1,246,32,1,0,5,38,9,0,1,2,12,0,0,1,0,1,0,0,0,2,2,0,0,0,0,0,3,1,7,13,4,327,0,0,0,0,0,0,0,0,2,2,0,0,0,0,0,0,0,0,0,0,0,0,0,2,2,0,0,0,0,0,52,0,2,2,56,16,0,0,1,17,9,0,0,0,9,11,0,0,0,11,10,0,0,0,10,11,0,0,0,11,52,1,0,0,53,0,0,0,0,0,40,0,2,2,44,37,0,0,2,39,28,2,0,2,32,2,0,0,0,2,11,1,0,0,12,0,0,0,0,0,2,0,0,0,2,0,0,0,1,1,281,4,4,10,299,NEW YORK,268,NEW JERSEY,11,CALIFORNIA,5,2
CALIFORNIA WESTERN SCHOOL OF LAW,95,2,4,1,102,36,3,11,2,52,1,1,0,0,2,4,0,1,0,5,0,0,0,0,0,0,0,0,0,0,2,2,10,25,12,212,0,0,0,0,0,0,0,0,0,0,0,0,0,0,0,0,0,0,0,0,0,0,0,0,0,2,0,1,0,3,48,0,11,2,61,12,1,1,1,15,6,0,0,0,6,6,0,0,0,6,3,0,0,0,3,2,0,0,0,2,3,0,0,0,3,0,0,0,0,0,15,0,3,0,18,17,1,0,0,18,14,2,0,0,16,6,0,0,0,6,1,1,0,0,2,0,0,0,0,0,1,1,0,0,2,0,0,0,0,0,136,6,16,3,161,California,141,Arizona,4,Nevada,4,0
"CALIFORNIA-BERKELEY, UNIVERSITY OF",296,2,0,0,298,6,0,0,1,7,1,0,0,0,1,0,0,0,1,1,16,0,0,0,16,0,0,0,0,0,2,1,0,1,1,328,15,0,0,0,15,1,0,0,0,1,0,0,0,0,0,0,0,0,0,0,16,0,0,0,16,0,0,0,0,0,1,0,0,0,1,8,0,0,0,8,5,0,0,0,5,3,0,0,0,3,12,0,0,0,12,12,0,0,0,12,170,0,0,0,170,0,0,0,0,0,5,0,0,2,7,14,1,0,0,15,44,1,0,0,45,34,0,0,0,34,11,0,0,0,11,0,0,0,0,0,0,0,0,0,0,0,0,0,0,0,319,2,0,2,323,California,214,New York,37,District of Columbia,23,4
"CALIFORNIA-DAVIS, UNIVERSITY OF",121,2,0,0,123,7,1,0,0,8,0,0,0,1,1,0,0,0,1,1,8,0,0,4,12,0,0,0,0,0,1,0,2,5,1,154,8,0,0,0,8,0,0,0,4,4,0,0,0,0,0,0,0,0,0,0,8,0,0,4,12,0,0,0,0,0,20,0,0,0,20,12,0,0,0,12,6,0,0,0,6,11,0,0,0,11,3,0,0,0,3,2,0,0,0,2,19,1,0,0,20,3,0,0,0,3,13,1,0,1,15,20,0,0,0,20,18,1,0,0,19,3,0,0,0,3,4,0,0,0,4,0,0,0,0,0,2,0,0,5,7,0,0,0,0,0,136,3,0,6,145,California,125,Alaska,4,District of Columbia,2,6
"CALIFORNIA-HASTINGS, UNIVERSITY OF",209,5,2,2,218,25,8,1,3,37,3,1,0,0,4,0,0,1,1,2,12,2,0,0,14,0,0,0,0,0,6,2,4,17,5,309,10,2,0,0,12,2,0,0,0,2,0,0,0,0,0,0,0,0,0,0,12,2,0,0,14,0,0,0,0,0,35,2,1,4,42,15,0,0,0,15,12,0,1,0,13,10,0,0,0,10,11,1,0,0,12,6,0,0,0,6,44,0,0,0,44,3,0,0,1,4,30,3,1,1,35,26,3,0,0,29,38,4,1,0,43,7,1,0,0,8,8,2,0,0,10,0,0,0,0,0,4,0,0,0,4,0,0,0,0,0,249,16,4,6,275,California,228,New York,5,Colorado,3,5
"CALIFORNIA-IRVINE, UNIVERSITY OF",110,0,0,1,111,5,0,0,0,5,0,0,0,1,1,0,0,0,0,0,7,0,0,0,7,0,0,0,0,0,3,1,1,11,1,141,7,0,0,0,7,0,0,0,0,0,0,0,0,0,0,0,0,0,0,0,7,0,0,0,7,0,0,0,0,0,11,0,0,1,12,12,0,0,0,12,6,0,0,0,6,10,0,0,0,10,7,0,0,0,7,3,0,0,0,3,31,0,0,0,31,0,0,0,0,0,4,0,0,1,5,8,0,0,0,8,19,0,0,0,19,4,0,0,0,4,6,0,0,0,6,0,0,0,0,0,1,0,0,0,1,0,0,0,0,0,122,0,0,2,124,CALIFORNIA,104,NEVADA,4,COLORADO,3,1
"CALIFORNIA-LOS ANGELES, UNIVERSITY OF",278,0,0,0,278,11,0,0,1,12,0,0,1,0,1,0,0,0,0,0,14,0,0,0,14,0,0,0,0,0,2,2,1,6,1,317,12,0,0,0,12,2,0,0,0,2,0,0,0,0,0,0,0,0,0,0,14,0,0,0,14,0,0,0,0,0,22,0,0,0,22,22,0,0,0,22,11,0,0,0,11,14,0,0,0,14,15,0,0,0,15,9,0,0,0,9,126,0,0,0,126,0,0,0,0,0,14,0,1,1,16,9,0,0,0,9,42,0,0,0,42,13,0,0,0,13,5,0,0,0,5,0,0,0,0,0,1,0,0,0,1,0,0,0,0,0,303,0,1,1,305,California,245,New York,23,Pennsylvania,5,2
CAMPBELL UNIVERSITY,85,2,3,0,90,3,2,1,2,8,1,0,0,1,2,1,0,0,0,1,3,0,0,0,3,0,0,0,0,0,0,0,1,5,2,112,3,0,0,0,3,0,0,0,0,0,0,0,0,0,0,0,0,0,0,0,3,0,0,0,3,4,0,1,0,5,34,1,2,0,37,10,0,0,0,10,3,0,0,0,3,4,0,0,0,4,5,0,0,0,5,1,0,0,0,1,3,0,0,0,3,1,0,0,0,1,5,3,0,3,11,10,0,0,0,10,2,0,1,0,3,5,0,0,0,5,3,0,0,0,3,0,0,0,0,0,3,0,0,0,3,0,0,0,0,0,93,4,4,3,104,North Carolina,91,District of Columbia,3,Virginia,3,0
CAPITAL UNIVERSITY,63,1,0,0,64,5,1,1,0,7,11,1,0,0,12,1,0,0,0,1,0,0,0,0,0,0,0,0,0,0,1,1,1,11,3,101,0,0,0,0,0,0,0,0,0,0,0,0,0,0,0,0,0,0,0,0,0,0,0,0,0,2,0,0,0,2,22,2,0,0,24,9,0,0,0,9,1,0,0,0,1,1,0,0,0,1,1,0,0,0,1,3,0,0,0,3,4,0,0,0,4,0,0,0,0,0,11,1,0,0,12,22,0,0,0,22,1,0,1,0,2,0,0,0,0,0,1,0,0,0,1,0,0,0,0,0,2,0,0,0,2,0,0,0,0,0,80,3,1,0,84,Ohio,69,California,1,Michigan,1,0
CARDOZO SCHOOL OF LAW,228,3,1,1,233,11,0,1,3,15,2,0,0,1,3,0,0,0,1,1,1,0,0,0,1,0,0,0,0,0,0,0,4,23,1,281,1,0,0,0,1,0,0,0,0,0,0,0,0,0,0,0,0,0,0,0,1,0,0,0,1,0,0,0,0,0,53,1,1,1,56,20,0,0,0,20,11,0,0,0,11,2,0,0,0,2,9,0,0,0,9,8,0,0,0,8,41,0,0,0,41,0,0,0,0,0,25,0,1,5,31,34,0,0,0,34,29,1,0,0,30,2,0,0,0,2,8,1,0,0,9,0,0,0,0,0,0,0,0,0,0,0,0,0,0,0,242,3,2,6,253,New York,216,New Jersey,14,Florida,4,2
CASE WESTERN RESERVE UNIVERSITY,99,2,1,0,102,12,1,3,1,17,1,1,0,0,2,0,1,0,2,3,1,3,0,1,5,0,0,0,0,0,3,0,4,6,1,143,1,2,0,0,3,0,1,0,1,2,0,0,0,0,0,0,0,0,0,0,1,3,0,1,5,0,0,0,0,0,21,0,2,1,24,7,0,0,0,7,3,0,0,0,3,1,0,0,0,1,8,0,0,0,8,9,0,0,0,9,9,0,0,0,9,0,1,0,0,1,13,4,1,2,20,22,1,1,0,24,15,1,0,1,17,1,0,0,0,1,3,0,0,0,3,0,0,0,0,0,1,1,0,0,2,0,0,0,0,0,113,8,4,4,129,Ohio,69,New York,10,District of Columbia,5,5
CATHOLIC UNIVERSITY OF AMERICA,63,1,3,0,67,20,0,0,0,20,4,1,2,0,7,0,0,0,0,0,0,1,0,0,1,0,0,0,0,0,0,1,2,4,1,103,0,0,0,0,0,0,1,0,0,1,0,0,0,0,0,0,0,0,0,0,0,1,0,0,1,0,0,0,0,0,12,0,3,0,15,5,0,0,0,5,0,0,0,0,0,1,0,0,0,1,3,0,0,0,3,0,0,0,0,0,10,0,0,0,10,0,0,0,0,0,19,0,2,0,21,23,0,0,0,23,1,1,0,0,2,1,0,0,0,1,11,1,0,0,12,1,0,0,0,1,0,1,0,0,1,0,0,0,0,0,87,3,5,0,95,District of Columbia,46,Maryland,19,Virginia,15,0
CHAPMAN UNIVERSITY,92,1,1,1,95,36,0,2,3,41,1,0,2,0,3,0,1,0,0,1,0,0,0,0,0,0,0,0,0,0,0,4,1,26,0,171,0,0,0,0,0,0,0,0,0,0,0,0,0,0,0,0,0,0,0,0,0,0,0,0,0,0,0,0,0,0,43,0,2,3,48,18,0,0,0,18,9,1,0,0,10,5,0,0,0,5,7,0,0,0,7,7,0,0,0,7,6,0,0,0,6,1,0,0,1,2,20,1,3,0,24,11,0,0,0,11,1,0,0,0,1,0,0,0,0,0,0,0,0,0,0,0,0,0,0,0,1,0,0,0,1,0,0,0,0,0,129,2,5,4,140,California,135,Nevada,1,New Jersey,1,0
CHARLESTON SCHOOL OF LAW,96,1,2,2,101,17,3,0,4,24,5,1,2,1,9,2,2,4,3,11,0,0,0,0,0,0,0,0,0,0,14,2,3,31,8,203,0,0,0,0,0,0,0,0,0,0,0,0,0,0,0,0,0,0,0,0,0,0,0,0,0,2,0,0,0,2,30,1,2,3,36,14,0,0,0,14,3,0,0,0,3,3,0,0,0,3,6,0,0,2,8,0,0,0,0,0,0,0,0,0,0,12,0,0,1,13,13,5,5,4,27,14,1,1,0,16,3,0,0,0,3,0,0,0,0,0,17,0,0,0,17,0,0,0,0,0,3,0,0,0,3,0,0,0,0,0,120,7,8,10,145,South Carolina,97,North Carolina,13,Georgia,6,0
"CHICAGO, UNIVERSITY OF",189,0,0,0,189,2,0,0,0,2,0,0,0,0,0,0,0,0,0,0,6,2,0,0,8,0,0,0,0,0,1,1,0,0,1,202,6,1,0,0,7,0,1,0,0,1,0,0,0,0,0,0,0,0,0,0,6,2,0,0,8,0,0,0,0,0,1,0,0,0,1,2,0,0,0,2,4,0,0,0,4,4,0,0,0,4,4,0,0,0,4,9,0,0,0,9,100,0,0,0,100,0,0,0,0,0,2,0,0,0,2,4,1,0,0,5,11,1,0,0,12,48,0,0,0,48,7,0,0,0,7,0,0,0,0,0,1,0,0,0,1,0,0,0,0,0,197,2,0,0,199,Illinois,63,New York,36,California,25,3
CHICAGO-KENT COLLEGE OF LAW-IIT,157,2,2,2,163,26,3,6,2,37,1,0,2,0,3,0,0,1,0,1,0,0,0,0,0,0,0,0,0,0,0,3,0,25,0,232,0,0,0,0,0,0,0,0,0,0,0,0,0,0,0,0,0,0,0,0,0,0,0,0,0,2,0,0,0,2,48,2,5,0,55,15,0,1,0,16,5,0,0,0,5,3,0,0,0,3,6,0,0,0,6,10,0,0,0,10,26,0,1,0,27,0,0,0,0,0,19,1,2,3,25,26,1,1,1,29,18,1,1,0,20,4,0,0,0,4,2,0,0,0,2,0,0,0,0,0,0,0,0,0,0,0,0,0,0,0,184,5,11,4,204,Illinois,162,New York,5,Wisconsin,5,2
"CINCINNATI, UNIVERSITY OF",86,2,1,2,91,12,3,0,0,15,0,0,0,0,0,0,0,0,1,1,0,0,0,0,0,0,0,0,0,0,4,0,2,7,1,121,0,0,0,0,0,0,0,0,0,0,0,0,0,0,0,0,0,0,0,0,0,0,0,0,0,0,0,0,0,0,22,0,1,0,23,8,0,0,0,8,3,0,0,0,3,2,0,0,0,2,7,0,0,0,7,3,0,0,0,3,12,0,0,0,12,1,0,0,0,1,13,4,0,3,20,7,0,0,0,7,9,1,0,0,10,2,0,0,0,2,8,0,0,0,8,0,0,0,0,0,1,0,0,0,1,0,0,0,0,0,98,5,1,3,107,Ohio,76,Kentucky,6,New York,4,0
CITY UNIVERSITY OF NEW YORK,126,0,2,1,129,9,0,0,1,10,8,0,0,2,10,0,0,0,0,0,0,0,0,0,0,0,0,0,0,0,0,1,3,13,2,168,0,0,0,0,0,0,0,0,0,0,0,0,0,0,0,0,0,0,0,0,0,0,0,0,0,0,0,0,0,0,17,0,1,1,19,1,0,0,0,1,0,0,0,0,0,1,0,0,0,1,0,0,0,0,0,0,0,0,0,0,1,0,0,0,1,1,0,0,0,1,12,0,1,3,16,39,0,0,0,40,59,0,0,0,59,1,0,0,0,1,7,0,0,0,7,0,0,0,0,0,4,0,0,0,4,0,0,0,0,0,143,0,2,4,150,New York,126,New Jersey,7,District of Columbia,5,0
CLEVELAND STATE UNIVERSITY,55,1,2,0,58,16,0,3,0,19,4,1,0,0,5,0,0,1,0,1,0,0,0,0,0,0,0,0,0,0,1,0,0,4,0,88,0,0,0,0,0,0,0,0,0,0,0,0,0,0,0,0,0,0,0,0,0,0,0,0,0,1,0,0,0,1,23,0,1,0,24,6,0,2,0,8,5,0,0,0,5,2,0,0,0,2,8,0,0,0,8,1,0,0,0,1,3,0,0,0,3,0,0,0,0,0,12,1,2,0,15,10,1,1,0,12,4,0,0,0,4,0,0,0,0,0,0,0,0,0,0,0,0,0,0,0,0,0,0,0,0,0,0,0,0,0,75,2,6,0,83,Ohio,78,Illinois,1,Michigan,1,0
"COLORADO, UNIVERSITY OF",124,0,1,0,125,8,1,0,3,12,1,0,0,1,2,0,0,0,1,1,0,1,0,1,2,0,0,0,0,0,2,0,4,4,4,156,0,1,0,1,2,0,0,0,0,0,0,0,0,0,0,0,0,0,0,0,0,1,0,1,2,1,0,0,0,1,15,0,1,1,17,8,0,0,0,8,8,0,0,0,8,0,0,0,0,0,7,0,0,0,7,3,0,0,0,3,16,0,0,0,16,0,0,0,0,0,10,0,0,3,13,26,1,0,1,28,11,0,0,0,11,6,0,0,0,6,22,1,0,1,24,0,0,0,0,0,0,0,0,0,0,0,0,0,0,0,133,2,1,6,142,Colorado,112,District of Columbia,5,California,4,3
COLUMBIA UNIVERSITY,416,0,0,0,416,3,0,0,0,3,1,0,0,0,1,0,0,0,0,0,6,0,0,0,6,0,0,0,0,0,1,1,0,3,0,431,5,0,0,0,5,1,0,0,0,1,0,0,0,0,0,0,0,0,0,0,6,0,0,0,6,0,0,0,0,0,1,0,0,0,1,1,0,0,0,1,6,0,0,0,6,1,0,0,0,1,9,0,0,0,9,30,0,0,0,30,304,0,0,0,304,0,0,0,0,0,3,0,0,0,3,23,0,0,0,23,25,0,0,0,25,19,0,0,0,19,2,0,0,0,2,2,0,0,0,2,0,0,0,0,0,0,0,0,0,0,426,0,0,0,426,New York,307,California,37,District of Columbia,31,7
CONCORDIA LAW SCHOOL,25,0,1,0,26,3,0,1,1,5,0,0,0,0,0,1,1,1,1,4,0,0,0,0,0,0,0,0,0,0,1,0,0,3,0,39,0,0,0,0,0,0,0,0,0,0,0,0,0,0,0,0,0,0,0,0,0,0,0,0,0,1,0,0,0,1,10,0,2,0,12,1,0,0,0,1,0,0,0,0,0,1,0,0,0,1,0,0,0,0,0,0,0,0,0,0,0,0,0,0,0,0,0,0,0,0,2,1,0,1,4,5,0,0,0,5,6,0,0,1,7,0,0,0,0,0,3,0,0,0,3,0,0,0,0,0,0,0,1,0,1,0,0,0,0,0,29,1,3,2,35,Idaho,21,California,3,Oregon,3,0
"CONNECTICUT, UNIVERSITY OF",76,1,1,0,78,11,0,0,0,11,3,0,0,1,4,1,0,0,0,1,0,0,0,0,0,0,0,0,0,0,3,1,3,3,1,105,0,0,0,0,0,0,0,0,0,0,0,0,0,0,0,0,0,0,0,0,0,0,0,0,0,0,0,0,0,0,13,0,1,0,14,8,0,0,0,8,6,0,0,0,6,5,0,0,0,5,3,0,0,0,3,1,0,0,0,1,11,0,0,0,11,0,0,0,0,0,10,0,0,1,11,11,1,0,0,12,3,0,0,0,3,2,0,0,0,2,18,0,0,0,18,0,0,0,0,0,0,0,0,0,0,0,0,0,0,0,91,1,1,1,94,Connecticut,70,Massachusetts,7,District of Columbia,4,3
CORNELL UNIVERSITY,170,0,0,0,170,2,0,0,0,2,1,0,0,0,1,1,0,0,0,1,1,3,0,1,5,0,0,0,0,0,3,0,3,9,0,194,1,3,0,0,4,0,0,0,1,1,0,0,0,0,0,0,0,0,0,0,1,3,0,1,5,0,0,0,0,0,6,0,0,0,6,1,0,0,0,1,1,0,0,0,1,2,0,0,0,2,5,0,0,0,5,20,0,0,0,20,105,0,0,0,105,0,0,0,0,0,4,0,0,0,4,9,0,0,0,9,6,0,0,0,6,12,2,0,0,14,3,0,0,0,3,0,0,0,0,0,1,1,0,1,3,0,0,0,0,0,175,3,0,1,179,New York,115,District Of Columbia,12,California,10,8
CREIGHTON UNIVERSITY,58,1,0,1,60,8,2,2,0,12,0,1,0,0,1,1,0,0,0,1,0,0,0,0,0,0,0,0,0,0,0,0,6,8,0,88,0,0,0,0,0,0,0,0,0,0,0,0,0,0,0,0,0,0,0,0,0,0,0,0,0,0,0,0,0,0,15,1,0,1,17,6,0,0,0,6,4,0,0,0,4,8,0,0,0,8,0,0,0,0,0,0,0,0,0,0,4,0,0,0,4,0,0,0,0,0,8,2,0,0,10,6,0,1,0,7,6,0,0,0,6,1,0,0,0,1,6,0,0,0,6,0,0,0,0,0,3,0,1,0,4,0,1,0,0,1,67,4,2,1,74,Nebraska,45,Iowa,7,Colorado,4,0
"DAYTON, UNIVERSITY OF",58,1,0,1,60,12,1,0,2,15,2,0,0,0,2,0,0,0,0,0,0,0,0,0,0,0,0,0,0,0,0,0,1,5,1,84,0,0,0,0,0,0,0,0,0,0,0,0,0,0,0,0,0,0,0,0,0,0,0,0,0,0,0,0,0,0,20,0,0,2,22,6,0,0,1,7,1,0,0,0,1,3,0,0,0,3,1,0,0,0,1,1,0,0,0,1,4,0,0,0,4,0,0,0,0,0,11,2,0,0,13,14,0,0,0,14,10,0,0,0,10,0,0,0,0,0,1,0,0,0,1,0,0,0,0,0,0,0,0,0,0,0,0,0,0,0,72,2,0,3,77,Ohio,44,New York,6,Indiana,5,0
"DENVER, UNIVERSITY OF",175,1,3,0,179,19,0,9,3,31,1,0,1,0,2,1,0,0,0,1,6,0,0,4,10,0,0,0,0,0,1,0,1,18,0,243,6,0,0,4,10,0,0,0,0,0,0,0,0,0,0,0,0,0,0,0,6,0,0,4,10,3,0,2,0,5,43,0,4,2,49,17,0,0,0,17,8,0,1,0,9,2,0,0,0,2,4,0,0,0,4,7,0,0,0,7,11,0,0,0,11,0,0,0,0,0,19,0,4,0,23,31,0,0,4,35,21,0,2,1,24,2,0,0,0,2,32,1,0,0,33,0,0,0,0,0,2,0,0,0,2,0,0,0,0,0,202,1,13,7,223,Colorado,196,District of Columbia,2,Florida,2,1
DEPAUL UNIVERSITY,120,0,3,0,123,50,1,6,1,58,4,0,2,1,7,0,0,2,0,2,0,0,0,0,0,0,0,0,0,0,1,2,0,20,0,213,0,0,0,0,0,0,0,0,0,0,0,0,0,0,0,0,0,0,0,0,0,0,0,0,0,0,0,0,0,0,42,0,6,0,48,13,0,0,0,13,13,0,0,0,13,2,0,0,0,2,8,0,0,0,8,4,0,0,0,4,15,0,0,0,15,4,0,0,0,4,42,1,3,1,47,17,0,1,0,18,8,0,1,1,10,2,0,0,0,2,1,0,0,0,1,0,0,0,0,0,3,0,1,0,4,0,0,1,0,1,174,1,13,2,190,Illinois,160,California,4,Florida,4,0
"DETROIT MERCY, UNIVERSITY OF",118,0,2,0,120,17,1,1,2,21,0,0,1,0,1,0,0,2,1,3,0,0,0,0,0,0,0,0,0,0,0,2,1,22,3,173,0,0,0,0,0,0,0,0,0,0,0,0,0,0,0,0,0,0,0,0,0,0,0,0,0,3,0,0,0,3,38,0,2,2,42,15,0,0,0,15,14,0,0,0,14,7,0,0,0,7,9,0,0,0,9,1,0,0,0,1,15,0,0,0,15,0,0,0,0,0,10,0,2,1,13,11,0,0,0,11,3,0,1,0,4,1,0,1,0,2,7,0,0,0,7,0,0,0,0,0,1,1,0,0,2,0,0,0,0,0,135,1,6,3,145,Michigan,72,New York,1,Illinois,1,71
DISTRICT OF COLUMBIA,19,1,0,1,21,18,2,0,2,22,6,0,0,0,6,0,0,1,0,1,1,0,0,0,1,0,0,0,0,0,2,4,2,5,1,65,1,0,0,0,1,0,0,0,0,0,0,0,0,0,0,0,0,0,0,0,1,0,0,0,1,0,0,0,0,0,8,0,0,1,9,1,0,0,0,1,0,0,0,0,0,0,0,0,0,0,0,0,0,0,0,0,0,0,0,0,1,0,0,0,1,0,0,0,0,0,11,1,1,2,15,11,1,0,0,12,9,0,0,0,9,0,0,0,0,0,2,1,0,0,3,0,0,0,0,0,1,0,0,0,1,0,0,0,0,0,44,3,1,3,51,District of Columbia,21,Maryland,11,Virginia,8,0
DRAKE UNIVERSITY,79,0,0,1,80,12,0,0,0,12,2,1,0,0,3,0,0,1,2,3,0,0,0,0,0,0,0,0,0,0,0,0,0,6,0,104,0,0,0,0,0,0,0,0,0,0,0,0,0,0,0,0,0,0,0,0,0,0,0,0,0,1,0,0,0,1,29,0,0,1,30,6,0,0,0,6,5,0,0,0,5,5,0,0,0,5,0,0,0,0,0,1,0,0,0,1,1,0,0,0,1,1,0,0,0,1,13,0,0,2,15,11,1,0,0,12,1,0,0,0,1,3,0,0,0,3,14,0,0,0,14,0,0,0,0,0,2,0,1,0,3,0,0,0,0,0,93,1,1,3,98,Iowa,74,Missouri,3,District of Columbia,2,1
DREXEL UNIVERSITY,108,0,0,0,108,11,0,0,2,13,3,0,1,0,4,0,0,0,0,0,0,0,0,0,0,0,0,0,0,0,3,0,0,4,2,134,0,0,0,0,0,0,0,0,0,0,0,0,0,0,0,0,0,0,0,0,0,0,0,0,0,0,0,0,0,0,12,0,0,0,12,10,0,0,0,10,4,0,0,0,4,9,0,0,0,9,4,0,0,0,4,4,0,0,0,4,12,0,0,0,12,0,0,0,1,1,11,0,1,0,12,10,0,0,1,11,6,0,0,0,6,2,0,0,0,2,37,0,0,0,37,0,0,0,0,0,1,0,0,0,1,0,0,0,0,0,122,0,1,2,125,Pennsylvania,74,New Jersey,31,Delaware,5,1
DUKE UNIVERSITY,208,0,0,0,208,3,0,0,0,3,0,0,0,0,0,0,0,0,0,0,1,3,0,0,4,0,0,0,0,0,3,0,0,1,2,221,1,3,0,0,4,0,0,0,0,0,0,0,0,0,0,0,0,0,0,0,1,3,0,0,4,0,0,0,0,0,0,0,0,0,0,1,0,0,0,1,1,0,0,0,1,2,0,0,0,2,8,0,0,0,8,13,0,0,0,13,124,0,0,0,124,0,0,0,0,0,7,0,0,0,7,8,1,0,0,9,8,2,0,0,10,31,0,0,0,31,7,0,0,0,7,0,0,0,0,0,2,0,0,0,2,0,0,0,0,0,212,3,0,0,215,New York,67,District of Columbia,31,North Carolina,23,9
DUQUESNE UNIVERSITY,78,2,0,0,80,16,0,0,0,16,3,0,0,0,3,0,0,0,0,0,0,0,0,0,0,0,0,0,0,0,1,2,0,7,0,109,0,0,0,0,0,0,0,0,0,0,0,0,0,0,0,0,0,0,0,0,0,0,0,0,0,0,0,0,0,0,18,0,0,0,18,10,0,0,0,10,5,0,0,0,5,0,0,0,0,0,6,1,0,0,7,1,0,0,0,1,5,0,0,0,5,0,0,0,0,0,13,0,0,0,13,12,1,0,0,13,4,0,0,0,4,2,0,0,0,2,18,0,0,0,18,0,0,0,0,0,3,0,0,0,3,0,0,0,0,0,97,2,0,0,99,Pennsylvania,90,New York,2,Maryland,2,0
ELON UNIVERSITY,67,0,1,0,68,14,4,0,1,19,3,0,1,0,4,0,2,0,0,2,0,0,0,0,0,0,0,0,0,0,1,1,3,4,1,103,0,0,0,0,0,0,0,0,0,0,0,0,0,0,0,0,0,0,0,0,0,0,0,0,0,1,0,0,0,1,30,0,0,0,30,4,0,0,0,4,5,0,0,0,5,3,0,0,0,3,3,0,0,0,3,0,0,0,0,0,0,0,0,0,0,0,0,0,0,0,16,4,1,1,22,14,2,0,0,16,4,0,1,0,5,0,0,0,0,0,3,0,0,0,3,0,0,0,0,0,1,0,0,0,1,0,0,0,0,0,84,6,2,1,93,North Carolina,58,District of Columbia,7,Florida,5,0
EMORY UNIVERSITY,220,1,0,0,221,25,6,1,1,33,1,1,1,1,4,0,1,1,0,2,0,12,0,0,12,0,0,0,0,0,3,3,5,20,3,306,0,1,0,0,1,0,11,0,0,11,0,0,0,0,0,0,0,0,0,0,0,12,0,0,12,1,0,0,0,1,32,3,0,1,36,12,0,0,0,12,8,0,0,0,8,5,0,0,0,5,17,0,0,0,17,8,0,0,0,8,65,1,0,0,66,0,0,0,0,0,16,3,2,1,22,33,6,0,0,39,20,6,1,0,27,19,0,0,0,19,6,0,0,0,6,0,0,0,0,0,4,2,0,0,6,0,0,0,0,0,246,21,3,2,272,Georgia,127,New York,33,District of Columbia,22,8
FAULKNER UNIVERSITY,42,1,3,0,46,4,2,0,0,6,2,0,0,0,2,0,0,1,0,1,0,0,0,0,0,0,0,0,0,0,1,1,0,10,0,67,0,0,0,0,0,0,0,0,0,0,0,0,0,0,0,0,0,0,0,0,0,0,0,0,0,5,0,2,0,7,14,2,1,0,17,4,0,0,0,4,2,0,0,0,2,0,0,0,0,0,2,0,0,0,2,0,0,0,0,0,0,0,0,0,0,0,0,0,0,0,4,1,1,0,6,9,0,0,0,9,4,0,0,0,4,0,0,0,0,0,2,0,0,0,2,0,0,0,0,0,2,0,0,0,2,0,0,0,0,0,48,3,4,0,55,Alabama,39,Georgia,5,North Carolina,2,0
FLORIDA A&M UNIVERSITY,52,0,3,0,55,17,2,3,1,23,11,2,1,1,15,0,0,1,2,3,0,0,0,1,1,0,0,0,1,1,5,2,2,15,7,129,0,0,0,0,0,0,0,0,0,0,0,0,0,1,1,0,0,0,0,0,0,0,0,1,1,3,0,0,0,3,13,0,2,0,15,1,0,0,0,1,1,0,0,0,1,2,0,0,0,2,2,0,0,0,2,3,0,1,0,4,5,0,0,0,5,0,0,0,0,0,12,2,2,4,20,20,2,1,0,23,17,0,2,0,19,0,0,0,0,0,0,0,0,0,0,0,0,0,0,0,1,0,0,2,3,0,0,0,0,0,80,4,8,6,98,Florida,82,Georgia,4,Colorado,1,0
FLORIDA COASTAL SCHOOL OF LAW,37,1,1,0,39,6,4,0,1,11,3,0,0,0,3,0,0,0,0,0,0,0,0,0,0,0,0,0,0,0,2,0,1,8,2,66,0,0,0,0,0,0,0,0,0,0,0,0,0,0,0,0,0,0,0,0,0,0,0,0,0,1,0,0,0,1,8,2,1,1,12,8,1,0,0,9,3,0,0,0,3,0,0,0,0,0,4,1,0,0,5,0,0,0,0,0,4,0,0,0,4,0,0,0,0,0,5,0,0,0,5,8,1,0,0,9,4,0,0,0,4,0,0,0,0,0,1,0,0,0,1,0,0,0,0,0,0,0,0,0,0,0,0,0,0,0,46,5,1,1,53,Florida,39,Georgia,4,California,2,0
FLORIDA INTERNATIONAL UNIVERSITY,119,0,0,1,120,8,1,1,0,10,4,0,0,0,4,0,0,0,0,0,0,0,0,0,0,0,0,0,0,0,2,1,0,6,0,143,0,0,0,0,0,0,0,0,0,0,0,0,0,0,0,0,0,0,0,0,0,0,0,0,0,4,0,0,0,4,39,0,1,1,41,15,0,0,0,15,4,0,0,0,4,3,0,0,0,3,7,0,0,0,7,4,0,0,0,4,7,0,0,0,7,0,0,0,0,0,6,0,0,0,6,33,0,0,0,33,3,1,0,0,4,0,0,0,0,0,4,0,0,0,4,0,0,0,0,0,2,0,0,0,2,0,0,0,0,0,131,1,1,1,134,Florida,108,District of Columbia,2,Georgia,2,0
FLORIDA STATE UNIVERSITY,135,1,2,0,138,11,0,0,0,11,0,0,0,0,0,0,0,0,0,0,0,0,0,1,1,0,0,0,0,0,3,2,1,5,9,170,0,0,0,0,0,0,0,0,1,1,0,0,0,0,0,0,0,0,0,0,0,0,0,1,1,0,0,0,0,0,23,0,2,0,25,10,0,0,0,10,5,0,0,0,5,9,0,0,0,9,8,0,0,0,8,5,0,0,0,5,2,0,0,0,2,3,0,0,0,3,7,0,0,0,7,41,0,0,0,42,19,1,0,0,21,7,0,0,0,7,7,0,0,0,7,0,0,0,0,0,0,0,0,1,1,0,0,0,0,0,146,1,2,1,152,Florida,127,District of Columbia,5,Colorado,4,0
"FLORIDA, UNIVERSITY OF",282,0,0,0,282,20,1,0,0,21,0,0,0,0,0,0,0,0,0,0,0,0,0,0,0,0,0,0,0,0,19,0,1,8,0,331,0,0,0,0,0,0,0,0,0,0,0,0,0,0,0,0,0,0,0,0,0,0,0,0,0,3,0,0,0,3,41,0,0,0,41,32,0,0,0,32,23,0,0,0,23,9,0,0,0,9,17,0,0,0,17,9,0,0,0,9,43,0,0,0,43,0,0,0,0,0,22,0,0,0,22,57,1,0,0,58,27,0,0,0,27,11,0,0,0,11,7,0,0,0,7,0,0,0,0,0,1,0,0,0,1,0,0,0,0,0,302,1,0,0,303,Florida,235,Georgia,17,District of Columbia,12,0
FORDHAM UNIVERSITY,310,2,1,0,313,25,0,1,0,26,5,0,0,0,5,0,0,0,0,0,1,3,0,3,7,0,0,0,0,0,6,1,4,19,1,382,0,1,0,1,2,1,2,0,2,5,0,0,0,0,0,0,0,0,0,0,1,3,0,3,7,0,0,0,0,0,24,1,1,0,26,21,0,0,0,21,11,0,1,0,12,20,0,0,0,20,13,0,0,0,13,36,0,0,0,36,123,1,0,0,124,0,0,0,0,0,29,0,0,0,29,19,1,0,0,20,16,0,0,3,19,14,0,0,0,14,13,0,0,0,13,0,0,0,0,0,2,2,0,0,4,0,0,0,0,0,341,5,2,3,351,New York,302,New Jersey,17,California,6,6
GEORGE MASON UNIVERSITY,112,0,1,0,113,36,4,3,1,44,1,0,1,0,2,0,0,1,0,1,4,0,0,1,5,0,0,0,0,0,0,0,2,2,0,169,4,0,0,0,4,0,0,0,1,1,0,0,0,0,0,0,0,0,0,0,4,0,0,1,5,0,0,0,0,0,21,1,3,1,26,5,1,0,0,6,5,0,0,0,5,4,0,0,0,4,2,0,0,0,2,6,0,0,0,6,21,0,0,0,21,1,0,0,0,1,16,2,3,0,21,43,0,0,0,43,9,0,0,0,9,7,0,0,0,7,13,0,0,0,13,0,0,0,0,0,0,0,0,1,1,0,0,0,0,0,153,4,6,2,165,District of Columbia,72,Virginia,62,Maryland,8,1
GEORGE WASHINGTON UNIVERSITY,370,4,0,0,374,54,3,5,1,63,6,0,1,2,9,1,0,0,0,1,3,0,0,0,3,0,0,0,0,0,7,5,5,34,2,503,3,0,0,0,3,0,0,0,0,0,0,0,0,0,0,0,0,0,0,0,3,0,0,0,3,0,0,0,0,0,45,0,3,1,49,14,0,0,0,14,12,0,0,0,12,17,0,0,0,17,17,0,0,0,17,26,0,0,0,26,113,0,0,0,113,0,0,0,0,0,43,5,3,1,52,74,0,0,1,75,23,0,0,0,23,11,1,0,0,12,35,1,0,0,36,0,0,0,0,0,4,0,0,0,4,0,0,0,0,0,434,7,6,3,450,District of Columbia,216,New York,65,Virginia,36,12
GEORGETOWN UNIVERSITY,542,4,1,0,547,30,2,0,0,32,6,1,0,2,9,0,0,0,0,0,34,2,0,6,42,0,0,0,0,0,9,8,5,15,0,667,26,1,0,1,28,8,1,0,4,13,0,0,0,1,1,0,0,0,0,0,34,2,0,6,42,1,0,0,0,1,18,0,0,0,18,9,0,0,0,9,6,0,0,0,6,7,0,0,0,7,17,0,0,0,17,37,0,0,0,37,281,1,0,0,282,1,0,0,0,1,34,1,0,1,36,72,1,0,1,74,60,3,1,4,68,36,1,0,0,37,32,2,0,1,35,0,0,0,0,0,1,0,0,1,2,0,0,0,0,0,612,9,1,8,630,District of Columbia,252,New York,147,California,36,13
GEORGIA STATE UNIVERSITY,147,0,2,2,151,16,2,3,2,23,7,0,1,1,9,0,0,0,0,0,0,0,0,0,0,0,0,0,0,0,5,1,2,7,3,201,0,0,0,0,0,0,0,0,0,0,0,0,0,0,0,0,0,0,0,0,0,0,0,0,0,1,0,1,1,3,49,0,3,2,54,11,0,0,0,11,4,0,0,0,4,3,0,0,0,3,12,0,0,0,12,5,0,0,0,5,19,0,0,0,19,0,0,0,0,0,20,1,2,2,25,26,0,0,0,26,12,0,0,0,12,3,0,0,0,3,5,0,0,0,5,0,0,0,0,0,0,1,0,0,1,0,0,0,0,0,170,2,6,5,183,Georgia,163,District of Columbia,4,New York,4,0
"GEORGIA, UNIVERSITY OF",162,1,0,0,163,6,0,0,0,6,0,0,0,0,0,0,0,1,0,1,0,0,0,0,0,0,0,0,0,0,1,1,1,8,0,181,0,0,0,0,0,0,0,0,0,0,0,0,0,0,0,0,0,0,0,0,0,0,0,0,0,0,0,0,0,0,23,0,0,0,23,14,0,0,0,14,14,0,0,0,14,3,0,0,0,3,14,0,0,0,14,1,0,0,0,1,25,0,0,0,25,0,0,0,0,0,11,0,1,0,12,21,0,0,0,21,7,0,0,0,7,19,1,0,0,20,12,0,0,0,12,0,0,0,0,0,4,0,0,0,4,0,0,0,0,0,168,1,1,0,170,Georgia,126,District of Columbia,5,Florida,5,1
GOLDEN GATE UNIVERSITY,37,2,2,1,42,15,0,1,2,18,2,0,0,0,2,2,0,0,0,2,2,0,0,0,2,0,1,0,0,1,1,2,4,23,10,107,1,0,0,0,1,1,0,0,0,1,0,0,0,0,0,0,0,0,0,0,2,0,0,0,2,3,0,0,1,4,10,0,2,1,13,6,0,0,0,6,7,0,0,0,7,1,0,0,0,1,0,0,0,0,0,0,0,0,1,1,2,0,0,0,2,1,0,0,0,1,8,0,0,0,8,10,0,0,0,10,7,2,1,0,10,0,0,0,0,0,1,0,0,0,1,0,0,0,0,0,1,0,0,0,1,1,1,0,0,2,58,3,3,3,67,California,51,New York,2,Texas,2,0
GONZAGA UNIVERSITY,73,2,4,1,80,5,0,0,0,5,0,0,0,0,0,1,0,0,0,1,0,0,0,0,0,0,0,0,0,0,2,4,3,10,2,107,0,0,0,0,0,0,0,0,0,0,0,0,0,0,0,0,0,0,0,0,0,0,0,0,0,1,0,0,0,1,26,0,3,0,29,6,0,0,0,6,6,0,0,0,6,1,0,0,0,1,1,0,0,0,1,0,0,0,0,0,1,0,0,1,2,0,0,0,0,0,7,0,0,0,7,15,1,0,0,16,6,0,1,0,7,1,0,0,0,1,8,1,0,0,9,0,0,0,0,0,0,0,0,0,0,0,0,0,0,0,79,2,4,1,86,Washington,56,Idaho,5,Oregon,5,0
HARVARD UNIVERSITY,524,6,0,0,530,27,2,0,0,29,6,1,0,0,7,0,0,0,0,0,25,1,0,0,26,0,0,0,1,1,2,1,1,2,0,599,20,0,0,0,20,4,1,0,0,5,1,0,0,0,1,0,0,0,0,0,25,1,0,0,26,0,0,0,0,0,1,0,0,0,1,2,0,0,0,2,3,0,0,0,3,6,0,0,0,6,12,0,0,0,12,21,0,0,0,21,305,1,0,0,306,0,0,0,0,0,24,0,0,0,24,17,0,0,0,17,59,5,0,0,64,103,3,0,0,106,20,0,0,0,20,2,0,0,0,2,7,1,0,0,8,0,0,0,1,1,582,10,0,1,593,New York,196,District of Columbia,81,California,80,23
"HAWAII, UNIVERSITY OF",51,2,0,0,53,12,1,0,0,13,4,0,0,0,4,0,0,0,0,0,1,0,0,0,1,0,0,0,0,0,2,0,2,8,0,83,0,0,0,0,0,1,0,0,0,1,0,0,0,0,0,0,0,0,0,0,1,0,0,0,1,1,0,0,0,1,5,0,0,0,5,9,0,0,0,9,2,0,0,0,2,3,0,0,0,3,0,0,0,0,0,0,0,0,0,0,0,0,0,0,0,0,0,0,0,0,3,0,0,0,3,17,2,0,0,19,4,0,0,0,4,1,0,0,0,1,19,1,0,0,20,0,0,0,0,0,4,0,0,0,4,0,0,0,0,0,68,3,0,0,71,Hawaii,66,California,2,Virginia,1,0
HOFSTRA UNIVERSITY,162,0,2,0,164,13,0,2,0,15,1,0,1,0,2,1,0,0,1,2,1,0,0,0,1,0,0,0,0,0,2,2,2,17,4,211,1,0,0,0,1,0,0,0,0,0,0,0,0,0,0,0,0,0,0,0,1,0,0,0,1,0,0,0,0,0,41,0,2,0,43,14,0,0,0,14,11,0,0,0,11,13,0,0,0,13,4,0,0,0,4,4,0,0,0,4,11,0,0,0,11,4,0,1,0,5,22,0,2,1,25,37,0,0,0,37,10,0,0,0,10,3,0,0,0,3,4,0,0,0,4,0,0,0,0,0,0,0,0,0,0,0,0,0,0,0,178,0,5,1,184,New York,158,New Jersey,7,District of Columbia,3,0
"HOUSTON, UNIVERSITY OF",163,3,4,4,174,24,2,0,2,28,4,0,2,0,6,1,0,0,0,1,0,0,0,1,1,0,0,0,0,0,4,2,4,11,0,231,0,0,0,0,0,0,0,0,1,1,0,0,0,0,0,0,0,0,0,0,0,0,0,1,1,2,0,1,1,4,41,2,3,3,49,21,0,0,0,21,13,0,0,1,14,9,0,0,0,9,4,0,0,0,4,10,0,0,0,10,34,0,0,0,34,0,0,0,1,1,27,1,2,0,30,15,1,0,0,16,3,1,0,0,4,9,0,0,0,9,1,0,0,0,1,0,0,0,0,0,3,0,0,1,4,0,0,0,0,0,192,5,6,7,210,Texas,199,California,3,District of Columbia,2,4
HOWARD UNIVERSITY,91,1,0,0,92,13,2,0,1,16,4,0,0,0,4,0,0,0,0,0,0,0,0,0,0,0,0,0,0,0,6,1,0,14,0,133,0,0,0,0,0,0,0,0,0,0,0,0,0,0,0,0,0,0,0,0,0,0,0,0,0,1,0,0,0,1,2,0,0,0,2,1,0,0,0,1,0,0,0,0,0,1,0,0,0,1,1,0,0,0,1,6,0,0,0,6,33,0,0,0,33,1,1,0,0,2,11,2,0,1,14,26,0,0,0,26,13,0,0,0,13,4,0,0,0,4,7,0,0,0,7,0,0,0,0,0,1,0,0,0,1,0,0,0,0,0,108,3,0,1,112,District of Columbia,27,New York,26,Maryland,10,0
"IDAHO, UNIVERSITY OF",66,1,2,0,69,4,2,0,0,6,3,0,1,2,6,0,0,0,0,0,0,0,0,0,0,0,0,0,0,0,4,1,2,3,5,96,0,0,0,0,0,0,0,0,0,0,0,0,0,0,0,0,0,0,0,0,0,0,0,0,0,2,0,0,0,2,25,0,1,0,26,2,0,0,0,2,1,0,0,0,1,0,0,0,0,0,0,0,0,0,0,1,0,0,0,1,0,0,0,0,0,2,0,0,0,2,3,1,1,0,5,15,1,1,0,17,4,0,0,0,4,3,0,0,0,3,15,0,0,0,15,0,0,0,0,0,0,1,0,2,3,0,0,0,0,0,73,3,3,2,81,Idaho,35,Washington,5,Alaska,2,0
"ILLINOIS, UNIVERSITY OF",107,2,0,0,109,8,0,0,0,8,0,0,0,0,0,0,0,0,0,0,0,1,0,0,1,0,0,0,0,0,1,0,2,1,0,122,0,0,0,0,0,0,1,0,0,1,0,0,0,0,0,0,0,0,0,0,0,1,0,0,1,0,0,0,0,0,13,0,0,0,13,10,0,0,0,10,9,0,0,0,9,3,0,0,0,3,6,0,0,0,6,6,0,0,0,6,26,0,0,0,26,0,0,0,0,0,9,1,0,0,10,16,0,0,0,16,2,0,0,0,2,10,1,0,0,11,3,0,0,0,3,0,0,0,0,0,2,1,0,0,3,0,0,0,0,0,115,3,0,0,118,Illinois,90,California,3,New York,3,3
INDIANA UNIVERSITY - BLOOMINGTON,136,0,2,2,140,11,1,1,0,13,1,0,0,0,1,0,0,0,1,1,0,0,0,1,1,0,0,0,0,0,2,0,2,15,1,176,0,0,0,1,1,0,0,0,0,0,0,0,0,0,0,0,0,0,0,0,0,0,0,1,1,2,0,0,0,2,17,1,1,0,19,7,0,0,0,7,10,0,0,0,10,4,0,0,0,4,9,0,0,0,9,13,0,0,0,13,23,0,0,0,23,0,0,0,0,0,16,0,1,3,20,21,0,1,0,22,15,0,0,1,16,7,0,0,0,7,4,0,0,0,4,0,0,0,0,0,0,0,0,0,0,0,0,0,0,0,148,1,3,4,156,Indiana,67,Illinois,25,Michigan,9,2
INDIANA UNIVERSITY - INDIANAPOLIS,142,0,3,0,145,40,2,1,4,47,12,0,1,2,15,1,1,0,0,2,0,0,0,0,0,0,0,0,0,0,5,0,2,15,3,234,0,0,0,0,0,0,0,0,0,0,0,0,0,0,0,0,0,0,0,0,0,0,0,0,0,2,0,0,0,2,36,0,2,1,39,21,0,1,0,22,11,0,0,0,11,2,0,0,0,2,7,0,0,0,7,5,0,0,0,5,12,0,0,0,12,0,0,0,0,0,28,3,1,5,37,44,0,1,0,45,17,0,0,0,17,2,0,0,0,2,0,0,0,0,0,0,0,0,0,0,7,0,0,0,7,1,0,0,0,1,195,3,5,6,209,Indiana,144,Illinois,7,Michigan,3,0
INTER AMERICAN UNIVERSITY OF PUERTO RICO,18,2,2,0,22,44,2,5,1,52,28,1,5,0,34,2,0,1,0,3,0,0,0,0,0,0,0,0,1,1,3,0,0,48,19,182,0,0,0,0,0,0,0,0,0,0,0,0,0,0,0,0,0,0,0,0,0,0,0,0,0,1,0,0,0,1,21,0,5,0,26,4,1,0,0,5,2,0,0,0,2,2,0,0,0,2,1,0,0,0,1,0,0,0,0,0,0,0,0,0,0,0,0,0,0,0,24,0,3,0,27,29,3,2,1,35,1,0,1,0,2,0,0,0,0,0,2,1,0,0,3,0,0,0,0,0,2,0,2,0,4,3,0,0,1,4,92,5,13,2,112,Puerto Rico,100,Florida,2,Texas,2,0
"IOWA, UNIVERSITY OF",125,2,0,0,127,6,1,1,0,8,1,0,0,0,1,0,0,0,0,0,0,0,0,1,1,0,0,0,1,1,2,0,0,0,0,140,0,0,0,0,0,0,0,0,1,1,0,0,0,0,0,0,0,0,0,0,0,0,0,1,1,0,0,0,0,0,18,0,1,0,19,11,0,0,0,11,6,0,0,0,6,6,0,0,0,6,8,0,0,0,8,12,0,0,0,12,21,0,0,0,21,0,0,0,0,0,7,2,0,1,10,13,1,0,0,14,6,0,0,0,6,6,0,0,0,6,17,0,0,0,17,0,0,0,0,0,1,0,0,1,2,0,0,0,0,0,132,3,1,2,138,Iowa,44,Illinois,14,Minnesota,12,4
JOHN MARSHALL LAW SCHOOL,120,3,2,0,125,35,3,3,1,42,12,2,1,2,17,0,0,0,0,0,0,0,0,0,0,0,0,0,1,1,7,2,4,32,1,231,0,0,0,0,0,0,0,0,0,0,0,0,0,0,0,0,0,0,0,0,0,0,0,0,0,3,0,0,0,3,37,0,4,1,42,21,0,0,0,21,6,0,1,0,7,4,0,0,0,4,7,0,0,0,7,2,0,0,0,2,6,0,0,0,6,0,0,0,0,0,33,7,0,3,43,30,1,1,0,32,11,0,0,0,11,2,0,0,0,2,4,0,0,0,4,0,0,0,0,0,1,0,0,0,1,0,0,0,0,0,167,8,6,4,185,Illinois,161,Wisconsin,4,California,3,0
"KANSAS, UNIVERSITY OF",74,0,0,0,74,14,0,1,2,17,3,0,0,0,3,0,0,0,1,1,0,0,0,0,0,0,0,0,0,0,0,0,0,7,0,102,0,0,0,0,0,0,0,0,0,0,0,0,0,0,0,0,0,0,0,0,0,0,0,0,0,1,0,0,0,1,13,0,0,0,13,8,0,0,0,8,5,0,0,0,5,2,0,0,0,2,2,0,0,0,2,1,0,0,0,1,7,0,0,0,7,2,0,1,1,4,9,0,0,1,10,19,0,0,0,19,9,0,0,0,9,4,0,0,0,4,8,0,0,0,8,0,0,0,0,0,1,0,0,0,1,0,0,0,1,1,91,0,1,3,95,Kansas,35,Missouri,31,District Of Columbia,5,1
"KENTUCKY, UNIVERSITY OF",133,0,1,0,134,18,0,0,0,18,0,0,1,0,1,0,0,0,0,0,0,0,0,0,0,0,0,0,0,0,2,0,4,4,0,163,0,0,0,0,0,0,0,0,0,0,0,0,0,0,0,0,0,0,0,0,0,0,0,0,0,1,0,0,0,1,29,0,0,0,29,9,0,0,0,9,8,0,0,0,8,2,0,0,0,2,12,0,0,0,12,5,0,0,0,5,8,0,0,0,8,0,0,0,0,0,12,0,1,0,13,14,0,1,0,15,16,0,0,0,16,10,0,0,0,10,21,0,0,0,21,0,0,0,0,0,4,0,0,0,4,0,0,0,0,0,151,0,2,0,153,Kentucky,104,Ohio,6,Virginia,6,0
LEWIS AND CLARK COLLEGE,120,0,1,1,122,25,0,1,0,26,2,0,0,0,2,0,0,0,0,0,0,0,0,2,2,0,0,0,0,0,4,2,4,11,1,174,0,0,0,0,0,0,0,0,2,2,0,0,0,0,0,0,0,0,0,0,0,0,0,2,2,2,0,0,0,2,35,0,1,0,36,13,0,0,1,14,16,0,0,0,16,2,0,0,0,2,3,0,0,0,3,2,0,0,0,2,1,0,0,0,1,0,0,0,0,0,15,0,0,0,15,15,0,0,0,15,27,0,1,0,28,4,0,0,0,4,11,0,0,0,11,0,0,0,0,0,1,0,0,2,3,0,0,0,0,0,147,0,2,3,152,Oregon,116,Washington,7,California,6,2
LIBERTY UNIVERSITY,41,1,0,1,43,2,1,0,1,4,0,0,0,0,0,1,0,0,0,1,0,0,0,0,0,0,0,0,0,0,0,0,1,2,0,51,0,0,0,0,0,0,0,0,0,0,0,0,0,0,0,0,0,0,0,0,0,0,0,0,0,0,0,0,0,0,19,1,0,0,20,1,0,0,0,1,1,0,0,0,1,1,0,0,0,1,0,0,0,0,0,0,0,0,0,0,0,0,0,0,0,0,0,0,0,0,4,0,0,1,5,10,1,0,1,12,5,0,0,0,5,0,0,0,0,0,3,0,0,0,3,0,0,0,0,0,0,0,0,0,0,0,0,0,0,0,44,2,0,2,48,Virginia,18,North Carolina,7,Florida,4,0
LINCOLN MEMORIAL,38,3,1,1,43,4,2,0,1,7,0,0,1,0,1,0,1,0,3,4,0,0,0,0,0,0,0,0,0,0,2,1,1,5,3,67,0,0,0,0,0,0,0,0,0,0,0,0,0,0,0,0,0,0,0,0,0,0,0,0,0,9,1,0,0,10,22,1,1,1,25,4,0,0,0,4,0,0,0,0,0,0,0,0,0,0,0,0,0,0,0,0,0,0,0,0,0,0,0,0,0,0,0,0,0,0,2,2,1,2,7,3,2,0,0,5,2,0,0,1,3,0,0,0,0,0,0,0,0,0,0,0,0,0,0,0,0,0,0,1,2,0,0,0,0,0,42,6,2,5,56,Tennessee,40,North Carolina,4,Georgia,2,1
LOUISIANA STATE UNIVERSITY,136,0,0,0,136,10,1,0,0,11,4,0,0,0,4,0,0,3,0,3,0,0,0,0,0,0,0,0,0,0,2,0,0,14,3,173,0,0,0,0,0,0,0,0,0,0,0,0,0,0,0,0,0,0,0,0,0,0,0,0,0,1,0,0,0,1,36,0,0,0,36,18,1,0,0,19,15,0,0,0,15,8,0,0,0,8,3,0,0,0,3,5,0,0,0,5,12,0,0,0,12,0,0,0,0,0,12,0,3,0,15,18,0,0,0,18,5,0,0,0,5,5,0,0,0,5,12,0,0,0,12,0,0,0,0,0,0,0,0,0,0,0,0,0,0,0,150,1,3,0,154,Louisiana,115,Texas,19,Florida,3,0
"LOUISVILLE, UNIVERSITY OF",77,0,1,0,78,16,0,0,1,17,0,0,0,0,0,1,0,1,1,3,0,0,0,0,0,0,0,0,0,0,1,2,1,5,1,108,0,0,0,0,0,0,0,0,0,0,0,0,0,0,0,0,0,0,0,0,0,0,0,0,0,1,0,0,0,1,26,0,0,0,26,2,0,0,0,2,3,0,0,0,3,2,0,0,0,2,3,0,0,0,3,1,0,0,0,1,12,0,0,0,12,0,0,0,0,0,9,0,1,2,12,15,0,1,0,16,12,0,0,0,12,2,0,0,0,2,5,0,0,0,5,0,0,0,0,0,1,0,0,0,1,0,0,0,0,0,94,0,2,2,98,Kentucky,82,Indiana,5,Florida,2,0
LOYOLA MARYMOUNT UNIVERSITY-LOS ANGELES,216,1,1,2,220,41,4,1,2,48,4,0,2,0,6,0,0,2,0,2,5,0,0,0,5,0,0,0,0,0,3,1,0,36,0,321,5,0,0,0,5,0,0,0,0,0,0,0,0,0,0,0,0,0,0,0,5,0,0,0,5,6,0,0,0,6,65,0,1,3,69,29,0,0,0,29,13,0,0,0,13,14,0,0,0,14,13,0,0,0,13,5,0,0,0,5,37,0,0,0,37,0,0,0,1,1,37,1,3,0,41,22,3,2,0,27,14,0,0,0,14,8,1,0,0,9,1,0,0,0,1,0,0,0,0,0,2,0,0,0,2,0,0,0,0,0,266,5,6,4,281,California,272,New York,2,Texas,2,0
LOYOLA UNIVERSITY-CHICAGO,140,3,1,0,144,26,0,1,0,27,3,0,1,0,4,0,0,0,3,3,0,0,0,0,0,0,0,0,0,0,3,0,4,7,5,197,0,0,0,0,0,0,0,0,0,0,0,0,0,0,0,0,0,0,0,0,0,0,0,0,0,1,0,0,0,1,32,0,0,0,32,16,0,1,0,17,10,0,0,0,10,5,0,0,0,5,6,0,0,0,6,12,0,0,0,12,21,0,0,0,21,0,0,0,0,0,28,2,2,2,34,22,0,0,0,22,8,0,0,0,8,0,0,0,0,0,8,1,0,0,9,0,0,0,0,0,0,0,0,0,0,0,0,0,1,1,169,3,3,3,178,Illinois,157,Indiana,5,Michigan,3,0
LOYOLA UNIVERSITY-NEW ORLEANS,99,1,3,0,103,10,1,0,6,17,3,0,0,0,3,0,0,0,1,1,1,0,0,0,1,0,0,0,1,1,3,1,0,17,1,148,1,0,0,0,1,0,0,0,0,0,0,0,0,0,0,0,0,0,0,0,1,0,0,0,1,1,0,0,0,1,27,1,3,2,33,10,0,0,0,10,4,0,0,0,4,6,0,0,0,6,7,0,0,0,7,2,0,0,0,2,1,0,0,0,1,2,0,0,1,3,6,1,0,3,10,18,0,0,0,18,15,0,0,0,15,6,0,0,0,6,7,0,0,0,7,0,0,0,0,0,1,0,0,1,2,0,0,0,1,1,113,2,3,8,126,Louisiana,93,Texas,8,Florida,5,2
"MAINE, UNIVERSITY OF",47,1,1,0,49,9,0,0,1,10,1,0,1,0,2,0,0,1,0,1,0,0,0,0,0,0,0,0,0,0,1,0,3,7,3,76,0,0,0,0,0,0,0,0,0,0,0,0,0,0,0,0,0,0,0,0,0,0,0,0,0,0,0,0,0,0,19,0,1,0,20,1,0,0,0,1,2,0,0,0,2,2,0,0,0,2,2,0,0,0,2,0,0,0,0,0,0,0,0,0,0,0,0,0,0,0,8,0,2,0,10,7,1,0,1,9,3,0,0,0,3,1,0,0,0,1,11,0,0,0,11,0,0,0,0,0,1,0,0,0,1,0,0,0,0,0,57,1,3,1,62,Maine,47,Maryland,4,New Hampshire,2,0
MARQUETTE UNIVERSITY,136,5,0,0,141,11,3,0,2,16,6,0,0,0,6,0,0,0,0,0,0,0,0,0,0,0,0,0,0,0,1,1,0,12,4,181,0,0,0,0,0,0,0,0,0,0,0,0,0,0,0,0,0,0,0,0,0,0,0,0,0,1,0,0,0,1,35,1,0,1,37,14,0,0,0,14,8,0,0,0,8,6,0,0,0,6,12,0,0,0,12,6,0,0,0,6,4,1,0,0,5,0,0,0,0,0,17,2,0,1,20,20,2,0,0,22,19,0,0,0,19,1,0,0,0,1,6,1,0,0,7,0,0,0,0,0,4,1,0,0,5,0,0,0,0,0,153,8,0,2,163,Wisconsin,134,Illinois,8,California,2,0
"MARYLAND, UNIVERSITY OF",139,3,0,0,142,30,1,0,5,36,3,0,0,0,3,0,0,0,0,0,0,0,0,0,0,0,0,0,1,1,0,0,0,10,1,193,0,0,0,0,0,0,0,0,0,0,0,0,0,0,0,0,0,0,0,0,0,0,0,0,0,0,0,0,0,0,12,1,0,2,15,2,0,0,0,2,1,0,0,0,1,2,0,0,0,2,3,0,0,0,3,4,0,0,0,4,10,0,0,0,10,1,0,0,0,1,18,0,0,2,20,42,1,0,0,43,9,0,0,1,10,7,0,0,0,7,54,2,0,0,56,0,0,0,0,0,7,0,0,0,7,0,0,0,1,1,172,4,0,6,182,Maryland,111,District Of Columbia,28,Virginia,10,0
MCGEORGE SCHOOL OF LAW,94,1,1,0,96,23,2,2,1,28,3,0,0,0,3,0,0,1,1,2,0,0,0,0,0,1,0,0,0,1,0,1,2,18,2,153,0,0,0,0,0,0,0,0,0,0,0,0,0,0,0,0,0,0,0,0,0,0,0,0,0,2,0,0,0,2,31,0,2,1,34,13,0,0,0,13,14,0,1,0,15,1,0,0,0,1,6,0,0,0,6,2,0,0,0,2,4,0,0,0,4,2,0,0,0,2,10,0,1,1,12,20,2,0,0,22,9,1,0,0,10,3,0,0,0,3,4,0,0,0,4,0,0,0,0,0,0,0,0,0,0,0,0,0,0,0,121,3,4,2,130,California,113,Nevada,4,District of Columbia,2,3
"MEMPHIS, UNIVERSITY OF",58,0,0,0,58,6,2,0,3,11,1,2,0,0,3,0,0,0,0,0,0,1,0,0,1,0,0,0,0,0,3,1,3,7,0,87,0,0,0,0,0,0,1,0,0,1,0,0,0,0,0,0,0,0,0,0,0,1,0,0,1,2,0,0,0,2,27,0,0,1,28,8,0,0,0,8,2,0,0,0,2,1,0,0,0,1,1,0,0,0,1,3,0,0,0,3,1,0,0,0,1,0,0,0,0,0,4,3,0,1,8,3,0,0,1,4,3,0,0,0,3,6,0,0,0,6,3,0,0,0,3,0,0,0,0,0,1,2,0,0,3,0,0,0,0,0,65,5,0,3,73,Tennessee,62,Texas,3,Arkansas,2,0
MERCER UNIVERSITY,110,0,0,0,110,1,1,1,0,3,1,0,1,0,2,0,0,0,0,0,0,0,0,0,0,0,0,0,0,0,4,0,0,8,2,129,0,0,0,0,0,0,0,0,0,0,0,0,0,0,0,0,0,0,0,0,0,0,0,0,0,1,0,0,0,1,30,0,0,0,30,16,0,0,0,16,2,0,0,0,2,5,0,0,0,5,4,0,0,0,4,3,0,0,0,3,1,0,0,0,1,0,0,0,0,0,5,1,0,0,6,20,0,1,0,21,9,0,0,0,9,3,0,0,0,3,11,0,0,0,11,2,0,0,0,2,0,0,1,0,1,0,0,0,0,0,112,1,2,0,115,Georgia,94,Florida,5,South Carolina,4,0
"MIAMI, UNIVERSITY OF",224,1,3,2,230,31,1,0,2,34,2,1,3,0,6,0,0,0,2,2,0,0,0,0,0,0,0,0,0,0,9,4,12,20,9,326,0,0,0,0,0,0,0,0,0,0,0,0,0,0,0,0,0,0,0,0,0,0,0,0,0,2,0,0,0,2,51,0,2,3,56,31,0,1,0,32,12,0,0,0,12,6,0,0,0,6,13,1,0,0,14,15,0,0,0,15,28,0,0,1,29,0,0,0,0,0,37,2,2,2,43,31,0,0,0,31,18,0,1,0,19,4,0,0,0,4,5,0,0,0,5,0,0,0,0,0,4,0,0,0,4,0,0,0,0,0,257,3,6,6,272,Florida,202,New York,11,California,7,6
MICHIGAN STATE UNIVERSITY,163,2,0,3,168,22,3,1,2,28,3,0,1,0,4,0,0,0,1,1,0,2,0,0,2,0,0,0,2,2,3,2,6,8,8,232,0,0,0,0,0,0,2,0,0,2,0,0,0,0,0,0,0,0,0,0,0,2,0,0,2,2,0,0,1,3,30,1,1,3,35,18,0,0,0,18,8,0,0,0,8,13,0,0,0,13,11,0,0,0,11,12,0,0,0,12,10,0,0,0,10,0,0,0,0,0,25,1,0,1,27,21,2,0,1,24,15,1,0,0,16,3,0,0,0,3,16,1,0,0,17,1,0,0,0,1,3,1,1,0,5,0,0,0,2,2,188,7,2,8,205,Michigan,109,Illinois,15,California,9,5
"MICHIGAN, UNIVERSITY OF",283,2,0,0,285,4,1,1,0,6,0,0,0,0,0,1,0,0,0,1,7,1,0,0,8,0,0,0,0,0,0,1,2,3,1,307,7,1,0,0,8,0,0,0,0,0,0,0,0,0,0,0,0,0,0,0,7,1,0,0,8,0,0,0,0,0,1,0,0,0,1,2,0,0,0,2,7,0,0,0,7,9,0,0,0,9,5,0,0,0,5,30,0,0,0,30,142,1,0,0,143,0,0,0,0,0,4,0,0,0,4,19,1,0,0,20,23,1,1,0,25,31,0,0,0,31,21,1,0,0,22,0,0,0,0,0,1,0,0,0,1,0,0,0,0,0,295,4,1,0,300,New York,74,District of Columbia,40,Michigan,36,8
"MINNESOTA, UNIVERSITY OF",138,2,0,0,140,8,0,1,0,9,0,0,1,0,1,0,0,0,0,0,3,2,0,0,5,0,0,0,0,0,0,0,1,1,1,158,3,1,0,0,4,0,1,0,0,1,0,0,0,0,0,0,0,0,0,0,3,2,0,0,5,0,0,0,0,0,16,0,0,0,16,11,0,0,0,11,1,0,0,0,1,4,0,0,0,4,7,0,0,0,7,10,0,0,0,10,20,0,0,0,20,0,0,0,0,0,18,1,0,0,19,7,0,2,0,9,12,1,0,0,13,10,0,0,0,10,32,2,0,0,34,0,0,0,0,0,1,0,0,0,1,0,0,0,0,0,149,4,2,0,155,Minnesota,107,Illinois,7,District Of Columbia,6,6
MISSISSIPPI COLLEGE,58,1,3,1,63,12,2,0,5,19,5,0,0,2,7,1,0,0,0,1,1,0,0,0,1,0,0,0,0,0,1,3,3,16,4,118,0,0,0,0,0,1,0,0,0,1,0,0,0,0,0,0,0,0,0,0,1,0,0,0,1,1,0,0,2,3,25,2,1,3,31,6,0,0,0,6,0,0,1,0,1,2,0,0,0,2,3,0,0,0,3,0,0,0,0,0,0,0,0,0,0,0,0,0,0,0,5,1,0,1,7,19,0,1,1,21,4,0,0,0,4,2,0,0,0,2,8,0,0,0,8,0,0,0,0,0,2,0,0,1,3,0,0,0,0,0,77,3,3,8,91,Mississippi,53,Louisiana,6,Alabama,5,0
"MISSISSIPPI, UNIVERSITY OF",78,0,1,0,79,9,0,0,0,9,1,0,0,0,1,1,1,0,1,3,0,0,0,0,0,0,0,0,0,0,5,2,0,8,0,107,0,0,0,0,0,0,0,0,0,0,0,0,0,0,0,0,0,0,0,0,0,0,0,0,0,0,0,0,0,0,26,0,1,0,27,6,0,0,0,6,2,0,0,0,2,5,0,0,0,5,3,0,0,0,3,5,0,0,0,5,5,0,0,0,5,0,0,0,0,0,9,1,0,1,11,10,0,0,0,10,5,0,0,0,5,5,0,0,0,5,7,0,0,0,7,0,0,0,0,0,1,0,0,0,1,0,0,0,0,0,89,1,1,1,92,Mississippi,45,Tennessee,11,Alabama,9,0
"MISSOURI, UNIVERSITY OF",63,0,1,0,64,13,0,1,1,15,3,0,1,0,4,0,0,0,0,0,2,0,0,0,2,0,0,0,0,0,3,1,1,2,0,92,2,0,0,0,2,0,0,0,0,0,0,0,0,0,0,0,0,0,0,0,2,0,0,0,2,1,0,0,0,1,16,0,1,1,18,6,0,0,0,6,1,0,0,0,1,2,0,0,0,2,3,0,0,0,3,5,0,0,0,5,2,0,0,0,2,0,0,0,0,0,12,0,2,0,14,14,0,0,0,14,4,0,0,0,4,0,0,0,0,0,10,0,0,0,10,0,0,0,0,0,5,0,0,0,5,0,0,0,0,0,81,0,3,1,85,Missouri,66,Florida,2,Illinois,2,0
"MISSOURI-KANSAS CITY, UNIVERSITY OF",113,0,0,0,113,9,3,1,0,13,2,0,1,0,3,1,0,0,0,1,0,0,0,0,0,0,0,0,0,0,1,0,1,6,0,138,0,0,0,0,0,0,0,0,0,0,0,0,0,0,0,0,0,0,0,0,0,0,0,0,0,5,0,0,0,5,30,0,0,0,30,6,0,0,0,6,6,0,0,0,6,7,0,0,0,7,4,0,0,0,4,2,0,0,0,2,7,0,0,0,7,0,0,0,0,0,12,3,1,0,16,15,0,0,0,15,9,0,0,0,9,2,0,0,0,2,20,0,0,0,20,0,0,0,0,0,0,0,1,0,1,0,0,0,0,0,125,3,2,0,130,Missouri,95,Kansas,18,Colorado,2,1
MITCHELL|HAMLINE,183,9,6,2,200,33,3,6,2,44,26,2,4,1,33,0,0,0,1,1,0,0,0,0,0,0,0,0,0,0,0,1,4,13,0,296,0,0,0,0,0,0,0,0,0,0,0,0,0,0,0,0,0,0,0,0,0,0,0,0,0,7,0,1,0,8,47,0,5,0,52,15,0,0,0,15,8,0,0,0,8,5,0,0,0,5,3,0,0,0,3,3,0,0,0,3,7,0,0,0,7,2,0,1,0,3,48,8,5,4,65,35,1,2,1,39,4,0,2,0,6,2,0,0,0,2,52,5,0,1,58,0,0,0,0,0,4,0,0,0,4,0,0,0,0,0,242,14,16,6,278,Minnesota,186,Texas,7,Washington,7,2
"MONTANA, UNIVERSITY OF",52,2,0,0,54,3,1,0,0,4,0,0,0,0,0,0,0,0,0,0,1,0,0,0,1,1,0,0,0,1,1,0,2,3,5,71,0,0,0,0,0,1,0,0,0,1,0,0,0,0,0,0,0,0,0,0,1,0,0,0,1,1,0,0,0,1,16,0,0,0,16,3,0,0,0,3,0,0,0,0,0,0,0,0,0,0,2,0,0,0,2,0,0,0,0,0,0,0,0,0,0,2,0,0,0,2,1,0,0,0,1,6,1,0,0,7,5,0,0,0,5,5,1,0,0,6,13,1,0,0,14,0,0,0,0,0,2,0,0,0,2,1,0,0,0,1,57,3,0,0,60,Montana,53,North Dakota,1,Oregon,1,0
"NEBRASKA, UNIVERSITY OF",91,0,0,0,91,11,0,0,0,11,1,0,0,0,1,2,0,0,0,2,0,1,0,0,1,0,0,0,0,0,0,1,1,9,0,117,0,0,0,0,0,0,1,0,0,1,0,0,0,0,0,0,0,0,0,0,0,1,0,0,1,2,0,0,0,2,27,0,0,0,27,9,0,0,0,9,6,0,0,0,6,4,0,0,0,4,3,0,0,0,3,2,0,0,0,2,4,0,0,0,4,1,0,0,0,1,17,0,0,0,17,13,0,0,0,13,7,0,0,0,7,4,0,0,0,4,4,0,0,0,4,0,0,0,0,0,2,1,0,0,3,0,0,0,0,0,105,1,0,0,106,Nebraska,78,Iowa,5,Kansas,3,0
NEW ENGLAND LAW | BOSTON,75,1,0,0,76,21,1,1,3,26,7,3,2,2,14,2,0,1,0,3,0,0,0,0,0,0,0,0,0,0,8,1,4,10,4,146,0,0,0,0,0,0,0,0,0,0,0,0,0,0,0,0,0,0,0,0,0,0,0,0,0,1,0,0,0,1,30,0,1,3,34,7,0,0,0,7,4,0,0,0,4,3,0,0,0,3,1,0,0,0,1,2,0,0,0,2,1,0,0,0,1,0,0,0,0,0,17,4,3,1,25,26,0,0,0,26,5,1,0,1,7,1,0,0,0,1,6,0,0,0,6,0,0,0,0,0,1,0,0,0,1,0,0,0,0,0,105,5,4,5,119,Massachusetts,85,Texas,7,New York,6,0
NEW HAMPSHIRE UNIVERSITY OF,47,1,1,0,49,4,0,2,3,9,0,0,0,0,0,1,0,0,0,1,0,0,0,0,0,0,0,0,0,0,0,0,0,2,0,61,0,0,0,0,0,0,0,0,0,0,0,0,0,0,0,0,0,0,0,0,0,0,0,0,0,0,0,0,0,0,13,1,2,1,17,4,0,0,0,4,5,0,0,0,5,6,0,0,0,6,4,0,0,0,4,1,0,0,0,1,2,0,1,0,3,0,0,0,0,0,4,0,0,2,6,5,0,0,0,5,3,0,0,0,3,2,0,0,0,2,3,0,0,0,3,0,0,0,0,0,0,0,0,0,0,0,0,0,0,0,52,1,3,3,59,New Hampshire,31,Massachusetts,10,New York,4,0
"NEW MEXICO, UNIVERSITY OF",78,4,0,0,82,2,0,0,0,2,1,0,0,0,1,0,0,0,0,0,1,0,0,0,1,1,0,0,0,1,2,6,2,11,6,114,1,0,0,0,1,0,0,0,0,0,0,0,0,0,0,0,0,0,0,0,1,0,0,0,1,1,0,0,0,1,25,0,0,0,25,2,0,0,0,2,5,0,0,0,5,2,0,0,0,2,0,0,0,0,0,0,0,0,0,0,0,0,0,0,0,0,0,0,0,0,5,0,0,0,5,22,1,0,0,23,8,0,0,0,8,1,0,0,0,1,6,2,0,0,8,1,1,0,0,2,0,0,0,0,0,5,0,0,0,5,83,4,0,0,87,New Mexico,72,North Dakota,2,Texas,2,1
NEW YORK LAW SCHOOL,200,0,0,0,200,38,0,2,0,40,3,0,1,0,4,1,0,1,1,3,0,0,0,0,0,0,0,0,0,0,1,0,1,22,1,272,0,0,0,0,0,0,0,0,0,0,0,0,0,0,0,0,0,0,0,0,0,0,0,0,0,0,0,0,0,0,54,0,1,0,55,16,0,0,0,16,8,0,0,0,8,9,0,0,0,9,5,0,0,0,5,3,0,0,0,3,23,0,0,0,23,0,0,0,0,0,38,0,3,1,42,47,0,0,0,47,14,0,0,0,14,0,0,0,0,0,21,0,0,0,21,0,0,0,0,0,4,0,0,0,4,0,0,0,0,0,242,0,4,1,247,New York,198,New Jersey,30,Connecticut,3,3
NEW YORK UNIVERSITY,429,0,0,0,429,6,0,0,0,6,2,0,0,0,2,0,0,0,0,0,30,2,0,0,32,0,0,0,0,0,7,0,1,7,0,484,21,2,0,0,23,9,0,0,0,9,0,0,0,0,0,0,0,0,0,0,30,2,0,0,32,0,0,0,0,0,4,0,0,0,4,5,0,0,0,5,6,0,0,0,6,6,0,0,0,6,7,0,0,0,7,28,0,0,0,28,300,0,0,0,300,0,0,0,0,0,7,0,0,0,7,19,1,0,0,20,73,1,0,0,74,10,0,0,0,10,2,0,0,0,2,0,0,0,0,0,0,0,0,0,0,0,0,0,0,0,467,2,0,0,469,New York,354,District of Columbia,23,California,22,10
NORTH CAROLINA CENTRAL UNIVERSITY,59,0,0,1,60,14,1,0,0,15,4,4,1,1,10,0,1,0,0,1,0,0,0,1,1,0,1,0,0,1,1,0,0,28,0,117,0,0,0,0,0,0,0,0,0,0,0,0,0,1,1,0,0,0,0,0,0,0,0,1,1,2,0,0,0,2,2,0,0,0,2,0,0,0,0,0,0,0,0,0,0,0,0,0,0,0,0,0,0,0,0,0,0,0,0,0,0,0,0,0,0,30,1,0,0,31,12,0,0,0,12,21,0,1,1,23,5,0,0,0,5,0,0,0,0,0,1,0,0,0,1,0,0,0,0,0,1,1,0,1,3,3,5,0,1,9,77,7,1,3,88,North Carolina,66,Virginia,5,District of Columbia,3,0
"NORTH CAROLINA, UNIVERSITY OF",159,0,1,1,161,29,0,0,0,29,1,0,0,1,2,0,0,0,0,0,0,0,0,0,0,0,0,0,0,0,6,0,0,8,0,206,0,0,0,0,0,0,0,0,0,0,0,0,0,0,0,0,0,0,0,0,0,0,0,0,0,0,0,1,0,1,21,0,0,0,21,8,0,0,0,8,7,0,0,1,8,6,0,0,0,6,7,0,0,0,7,11,0,0,0,11,37,0,0,0,37,0,0,0,0,0,31,0,0,0,31,32,0,0,0,32,9,0,0,0,9,9,0,0,0,9,8,0,0,0,8,0,0,0,0,0,3,0,0,1,4,0,0,0,0,0,189,0,1,2,192,North Carolina,119,District of Columbia,17,New York,13,0
"NORTH DAKOTA, UNIVERSITY OF",68,0,0,1,69,5,0,0,0,5,2,0,0,0,2,0,0,1,0,1,0,0,0,0,0,0,0,0,0,0,3,2,3,10,13,108,0,0,0,0,0,0,0,0,0,0,0,0,0,0,0,0,0,0,0,0,0,0,0,0,0,1,0,0,0,1,31,0,0,0,31,5,0,0,0,5,0,0,0,0,0,0,0,0,0,0,4,0,0,0,4,0,0,0,0,0,0,0,0,0,0,0,0,0,0,0,3,0,0,1,4,6,0,1,0,7,7,0,0,0,7,4,0,0,0,4,14,0,0,0,14,0,0,0,0,0,0,0,0,0,0,0,0,0,0,0,75,0,1,1,77,North Dakota,46,Minnesota,7,Montana,4,5
NORTHEASTERN UNIVERSITY,152,1,1,1,155,29,5,2,2,38,1,0,1,1,3,0,0,1,1,2,3,0,0,0,3,0,0,0,0,0,1,4,1,6,0,213,2,0,0,0,2,1,0,0,0,1,0,0,0,0,0,0,0,0,0,0,3,0,0,0,3,1,0,0,0,1,18,0,1,0,19,8,0,0,1,9,4,0,0,0,4,6,0,0,0,6,8,1,0,0,9,4,0,0,0,4,17,0,0,0,17,0,0,0,0,0,25,4,2,3,34,29,1,0,0,30,33,0,2,1,36,3,0,0,0,3,23,0,0,0,23,0,0,0,0,0,6,0,0,0,6,0,0,0,0,0,185,6,5,5,201,Massachusetts,116,New York,24,California,11,0
NORTHERN ILLINOIS UNIVERSITY,65,1,0,0,66,5,1,0,0,6,0,1,0,0,1,0,2,0,0,2,2,0,0,0,2,0,0,0,0,0,1,0,1,4,0,83,0,0,0,0,0,2,0,0,0,2,0,0,0,0,0,0,0,0,0,0,2,0,0,0,2,2,0,0,0,2,22,1,0,0,23,11,0,0,0,11,1,0,0,0,1,0,0,0,0,0,3,0,0,0,3,4,0,0,0,4,0,0,0,0,0,0,0,0,0,0,3,0,0,0,3,14,1,0,0,15,7,1,0,0,8,1,0,0,0,1,1,0,0,0,1,0,0,0,0,0,3,2,0,0,5,0,0,0,0,0,72,5,0,0,77,Illinois,67,Iowa,1,Nevada,1,2
NORTHERN KENTUCKY UNIVERSITY,70,0,1,1,72,18,1,0,2,21,4,0,0,0,4,1,0,2,0,3,0,0,0,0,0,0,0,0,0,0,0,3,2,5,6,116,0,0,0,0,0,0,0,0,0,0,0,0,0,0,0,0,0,0,0,0,0,0,0,0,0,0,0,1,0,1,32,0,0,0,32,3,0,0,0,3,0,0,0,0,0,0,0,0,0,0,1,0,0,0,1,0,0,0,0,0,4,0,0,0,4,0,0,0,0,0,20,1,2,1,24,9,0,0,0,9,14,0,0,1,15,3,0,0,0,3,6,0,0,1,7,0,0,0,0,0,1,0,0,0,1,0,0,0,0,0,93,1,3,3,100,Kentucky,43,Ohio,39,Indiana,5,0
NORTHWESTERN UNIVERSITY,208,0,0,0,208,22,0,0,0,22,0,0,0,0,0,0,0,0,0,0,2,0,0,0,2,0,0,0,0,0,0,2,1,3,2,240,2,0,0,0,2,0,0,0,0,0,0,0,0,0,0,0,0,0,0,0,2,0,0,0,2,0,0,0,0,0,3,0,0,0,3,2,0,0,0,2,5,0,0,0,5,2,0,0,0,2,5,0,0,0,5,15,0,0,0,15,135,0,0,0,135,0,0,0,0,0,21,0,0,0,21,10,0,0,0,10,9,0,0,0,9,16,0,0,0,16,8,0,0,0,8,0,0,0,0,0,1,0,0,0,1,0,0,0,0,0,232,0,0,0,232,Illinois,104,New York,42,California,21,3
"NOTRE DAME, UNIVERSITY OF",166,0,0,0,166,5,0,1,0,6,0,0,0,0,0,0,0,0,0,0,4,0,0,0,4,0,0,0,0,0,4,1,0,8,4,193,4,0,0,0,4,0,0,0,0,0,0,0,0,0,0,0,0,0,0,0,4,0,0,0,4,0,0,0,0,0,3,0,0,0,3,6,0,1,0,7,7,0,0,0,7,4,0,0,0,4,10,0,0,0,10,13,0,0,0,13,57,0,0,0,57,0,0,0,0,0,8,0,0,0,8,23,0,0,0,23,11,0,0,0,11,23,0,0,0,23,8,0,0,0,8,0,0,0,0,0,2,0,0,0,2,0,0,0,0,0,175,0,1,0,176,Illinois,44,New York,21,Indiana,18,0
NOVA SOUTHEASTERN UNIVERSITY,139,4,3,0,146,11,1,1,1,14,10,0,1,0,11,0,0,0,2,2,0,0,0,0,0,0,0,0,0,0,13,2,3,30,5,226,0,0,0,0,0,0,0,0,0,0,0,0,0,0,0,0,0,0,0,0,0,0,0,0,0,4,0,0,0,4,54,1,2,0,57,16,0,0,0,16,9,1,0,1,11,4,0,0,0,4,13,0,0,0,13,7,0,0,0,7,2,0,0,0,2,1,0,0,0,1,19,3,1,2,25,19,0,1,0,20,7,0,0,0,7,1,0,0,0,1,3,0,0,0,3,0,0,0,0,0,1,0,1,0,2,0,0,0,0,0,160,5,5,3,173,Florida,154,New York,4,California,2,3
OHIO NORTHERN UNIVERSITY,38,0,0,0,38,1,0,0,0,1,2,0,0,0,2,0,0,1,0,1,0,0,0,0,0,0,0,0,0,0,1,0,2,2,0,47,0,0,0,0,0,0,0,0,0,0,0,0,0,0,0,0,0,0,0,0,0,0,0,0,0,0,0,0,0,0,14,0,0,0,14,4,0,0,0,4,0,0,0,0,0,2,0,0,0,2,0,0,0,0,0,0,0,0,0,0,0,0,0,0,0,0,0,0,0,0,4,0,0,0,4,10,0,0,0,10,2,0,0,0,2,1,0,0,0,1,3,0,0,0,3,0,0,0,0,0,0,0,0,0,0,1,0,1,0,2,41,0,1,0,42,Ohio,22,District of Columbia,3,California,2,0
OHIO STATE UNIVERSITY,132,0,0,0,132,13,0,2,0,15,2,1,1,0,4,0,0,1,0,1,2,0,0,4,6,0,0,0,0,0,1,1,0,5,3,168,1,0,0,0,1,1,0,0,4,5,0,0,0,0,0,0,0,0,0,0,2,0,0,4,6,0,0,0,0,0,10,0,0,0,10,6,0,0,0,6,10,0,0,0,10,7,0,0,0,7,9,0,0,0,9,9,0,0,0,9,21,0,0,0,21,0,0,0,0,0,30,1,3,0,34,20,0,1,0,21,11,0,0,0,11,10,0,0,0,10,4,0,0,0,4,0,0,0,0,0,2,0,0,4,6,0,0,0,0,0,149,1,4,4,158,Ohio,108,New York,10,District of Columbia,6,5
OKLAHOMA CITY UNIVERSITY,85,0,5,0,90,9,1,0,0,10,5,1,0,0,6,1,0,0,0,1,0,0,0,0,0,0,0,0,0,0,2,3,2,13,2,129,0,0,0,0,0,0,0,0,0,0,0,0,0,0,0,0,0,0,0,0,0,0,0,0,0,3,0,1,0,4,33,1,3,0,37,13,0,0,0,13,5,0,0,0,5,0,0,1,0,1,5,0,0,0,5,0,0,0,0,0,0,0,0,0,0,0,0,0,0,0,12,1,0,0,13,17,0,0,0,17,11,0,0,0,11,0,0,0,0,0,0,0,0,0,0,0,0,0,0,0,1,0,0,0,1,0,0,0,0,0,100,2,5,0,107,Oklahoma,81,Texas,15,California,2,1
"OKLAHOMA, UNIVERSITY OF",155,0,2,0,157,6,1,0,0,7,4,0,0,0,4,0,0,0,0,0,0,0,0,0,0,0,0,0,0,0,0,0,0,6,0,174,0,0,0,0,0,0,0,0,0,0,0,0,0,0,0,0,0,0,0,0,0,0,0,0,0,4,0,0,0,4,34,0,0,0,34,15,0,0,0,15,6,0,0,0,6,5,0,0,0,5,7,0,0,0,7,0,0,0,0,0,5,0,0,0,5,25,1,1,0,27,15,0,0,0,15,34,0,0,0,34,6,0,0,0,6,1,0,0,0,1,2,0,1,0,3,0,0,0,0,0,2,0,0,0,2,4,0,0,0,4,165,1,2,0,168,Oklahoma,110,Texas,26,Colorado,9,0
"OREGON, UNIVERSITY OF",71,1,0,0,72,10,1,0,1,12,0,0,0,0,0,0,0,1,1,2,0,0,0,1,1,0,0,0,0,0,4,1,1,3,0,96,0,0,0,0,0,0,0,0,1,1,0,0,0,0,0,0,0,0,0,0,0,0,0,1,1,0,0,0,0,0,16,0,0,1,17,3,0,0,0,3,3,0,0,0,3,0,0,0,0,0,2,0,0,0,2,0,0,0,0,0,1,0,0,0,1,0,0,0,0,0,4,0,0,1,5,20,1,0,0,21,8,0,1,0,9,4,0,0,0,4,18,1,0,0,19,0,0,0,0,0,2,0,0,1,3,0,0,0,0,0,81,2,1,3,87,Oregon,49,Washington,7,California,4,1
PACE UNIVERSITY,147,1,0,1,149,11,1,0,0,12,1,0,0,0,1,0,0,1,0,1,0,0,0,0,0,0,0,0,1,1,0,0,2,6,13,185,0,0,0,0,0,0,0,0,0,0,0,0,0,0,0,0,0,0,0,0,0,0,0,0,0,0,0,0,0,0,25,0,0,0,25,29,0,0,0,29,8,0,0,0,8,1,0,0,0,1,4,1,0,0,5,1,0,0,0,1,3,0,0,0,3,1,0,0,0,1,15,1,0,2,18,41,0,0,0,41,12,0,0,0,12,0,0,0,0,0,18,0,0,0,18,0,0,0,0,0,1,0,0,0,1,0,0,1,0,1,159,2,1,2,164,New York,123,New Jersey,22,Connecticut,8,0
PENNSYLVANIA STATE - DICKINSON LAW,45,0,0,1,46,7,0,0,1,8,0,0,0,0,0,0,0,0,0,0,0,0,0,0,0,0,0,0,0,0,0,0,2,1,0,57,0,0,0,0,0,0,0,0,0,0,0,0,0,0,0,0,0,0,0,0,0,0,0,0,0,0,0,0,0,0,1,0,0,1,2,7,0,0,0,7,1,0,0,0,1,2,0,0,0,2,2,0,0,0,2,0,0,0,0,0,2,0,0,0,2,0,0,0,0,0,6,0,0,1,7,12,0,0,0,12,6,0,0,0,6,0,0,0,0,0,13,0,0,0,13,0,0,0,0,0,0,0,0,0,0,0,0,0,0,0,52,0,0,2,54,Pennsylvania,23,Delaware,6,New York,5,0
PENNSYLVANIA STATE - PENN STATE LAW,107,1,2,0,110,8,0,0,0,8,1,0,0,0,1,0,0,0,0,0,0,0,0,0,0,0,0,0,0,0,4,3,5,12,0,143,0,0,0,0,0,0,0,0,0,0,0,0,0,0,0,0,0,0,0,0,0,0,0,0,0,1,0,0,0,1,21,0,0,0,21,6,0,0,0,6,7,0,0,0,7,10,0,0,0,10,8,0,0,0,8,2,0,0,0,2,5,0,0,0,5,0,0,0,0,0,7,0,1,0,8,22,0,1,0,23,4,0,0,0,4,1,0,0,0,1,18,1,0,0,19,0,0,0,0,0,4,0,0,0,4,0,0,0,0,0,116,1,2,0,119,Pennsylvania,40,New York,16,California,6,1
"PENNSYLVANIA, UNIVERSITY OF",229,0,0,0,229,8,1,0,0,9,1,0,0,0,1,0,0,0,0,0,7,2,0,0,9,0,0,0,0,0,1,0,0,1,0,250,6,2,0,0,8,1,0,0,0,1,0,0,0,0,0,0,0,0,0,0,7,2,0,0,9,0,0,0,0,0,4,1,0,0,5,1,0,0,0,1,3,0,0,0,3,3,0,0,0,3,7,1,0,0,8,17,0,0,0,17,151,0,0,0,151,0,0,0,0,0,7,1,0,0,8,9,0,0,0,9,14,0,0,0,14,24,0,0,0,24,5,0,0,0,5,0,0,0,0,0,0,0,0,0,0,0,0,0,0,0,245,3,0,0,248,New York,114,Pennsylvania,39,District of Columbia,22,3
PEPPERDINE UNIVERSITY,135,1,0,1,137,14,1,1,2,18,0,1,0,0,1,0,0,1,0,1,0,0,0,5,5,0,0,0,0,0,2,0,1,13,0,178,0,0,0,0,0,0,0,0,5,5,0,0,0,0,0,0,0,0,0,0,0,0,0,5,5,1,0,0,0,1,27,0,0,1,28,23,0,1,0,24,16,0,0,0,16,4,0,0,0,4,9,0,0,0,9,4,0,0,0,4,16,0,0,0,16,1,0,0,1,2,17,1,1,0,19,10,1,0,0,11,8,0,0,0,8,3,0,0,0,3,8,0,0,0,8,0,0,0,0,0,2,0,0,6,8,0,1,0,0,1,149,3,2,8,162,California,138,District of Columbia,4,Texas,4,0
"PITTSBURGH, UNIVERSITY OF",89,1,0,0,90,14,1,2,0,17,0,1,2,0,3,1,1,0,0,2,0,0,0,0,0,0,0,1,0,1,2,1,0,3,1,120,0,0,0,0,0,0,0,0,0,0,0,0,0,0,0,0,0,0,0,0,0,0,0,0,0,0,0,0,0,0,22,0,2,0,24,8,0,0,0,8,0,0,0,0,0,4,0,0,0,4,6,0,0,0,6,2,0,0,0,2,19,1,0,0,20,0,0,0,0,0,12,1,1,0,14,10,0,0,0,10,15,0,0,0,15,2,0,0,0,2,4,0,0,0,4,0,0,0,0,0,0,2,1,0,3,0,0,1,0,1,104,4,5,0,113,Pennsylvania,82,New York,7,California,4,0
PONTIFICAL CATHOLIC UNIVERSITY OF P.R.,3,10,0,2,15,0,12,2,4,18,4,12,0,3,19,2,2,1,3,8,0,1,0,0,1,0,0,0,0,0,1,0,6,44,30,142,0,1,0,0,1,0,0,0,0,0,0,0,0,0,0,0,0,0,0,0,0,1,0,0,1,0,2,0,0,2,2,8,2,5,17,0,0,0,0,0,0,0,0,0,0,0,0,0,0,0,0,0,0,0,0,0,0,0,0,0,0,0,0,0,0,0,0,0,0,0,4,16,1,5,26,2,4,0,1,7,0,1,0,1,2,0,0,0,0,0,1,1,0,0,2,0,0,0,0,0,0,5,0,0,5,0,0,0,0,0,9,37,3,12,61,Puerto Rico,57,Texas,2,Wisconsin,1,0
"PUERTO RICO, UNIVERSITY OF",42,0,2,1,45,37,2,3,2,44,17,0,3,1,21,4,0,1,2,7,1,0,1,0,2,0,0,0,0,0,2,5,4,34,4,168,0,0,0,0,0,0,0,0,0,0,1,0,1,0,2,0,0,0,0,0,1,0,1,0,2,0,0,0,0,0,14,0,2,3,19,3,0,0,0,3,4,0,0,0,4,3,0,0,0,3,7,0,0,0,7,0,0,0,0,0,2,0,0,0,2,0,0,0,0,0,32,2,6,2,42,15,0,0,0,15,5,0,2,1,8,1,0,0,0,1,13,0,0,0,13,0,0,0,0,0,2,0,0,0,2,0,0,0,0,0,101,2,10,6,119,PUERTO RICO,109,DISTRICT OF COLUMBIA,2,NEW YORK,1,4
QUINNIPIAC UNIVERSITY,44,1,1,0,46,12,0,1,0,13,3,0,1,0,4,0,0,1,0,1,0,0,0,0,0,0,0,0,1,1,0,0,0,6,1,72,0,0,0,0,0,0,0,0,0,0,0,0,0,0,0,0,0,0,0,0,0,0,0,0,0,0,0,0,0,0,15,1,1,1,18,2,0,0,0,2,3,0,0,0,3,3,0,0,0,3,1,0,0,0,1,0,0,0,0,0,1,0,0,0,1,0,0,0,0,0,10,0,2,0,12,13,0,1,0,14,0,0,0,0,0,0,0,0,0,0,9,0,0,0,9,0,0,0,0,0,2,0,0,0,2,0,0,0,0,0,59,1,4,1,65,Connecticut,41,New York,6,New Jersey,3,0
REGENT UNIVERSITY,52,0,0,0,52,5,0,1,0,6,3,0,0,0,3,1,0,0,0,1,0,2,0,0,2,0,0,0,0,0,0,0,1,2,2,69,0,1,0,0,1,0,1,0,0,1,0,0,0,0,0,0,0,0,0,0,0,2,0,0,2,0,0,0,0,0,19,0,0,0,19,4,0,0,0,4,2,0,0,0,2,1,0,0,0,1,0,0,0,0,0,0,0,0,0,0,0,0,0,0,0,0,0,0,0,0,3,0,1,0,4,10,1,0,0,11,5,1,0,0,6,2,0,0,0,2,15,0,0,0,15,0,0,0,0,0,0,0,0,0,0,0,0,0,0,0,61,2,1,0,64,Virginia,39,Alaska,3,Pennsylvania,3,2
"RICHMOND, UNIVERSITY OF",83,1,1,0,85,15,3,2,0,20,3,1,0,1,5,0,0,0,1,1,0,0,0,0,0,0,0,0,0,0,1,1,1,5,1,120,0,0,0,0,0,0,0,0,0,0,0,0,0,0,0,0,0,0,0,0,0,0,0,0,0,0,0,0,0,0,16,0,0,0,16,6,0,0,0,6,5,0,0,0,5,5,0,0,0,5,6,0,0,0,6,3,0,0,0,3,7,0,0,0,7,0,0,0,0,0,16,1,1,0,18,7,2,2,0,11,7,0,0,0,7,2,0,0,0,2,20,1,0,0,21,0,0,0,0,0,1,1,0,2,4,0,0,0,0,0,101,5,3,2,111,Virginia,77,District of Columbia,10,Pennsylvania,3,2
ROGER WILLIAMS UNIVERSITY,78,0,2,0,80,10,0,2,5,17,2,0,2,0,4,0,0,1,0,1,0,0,0,0,0,0,0,0,0,0,1,1,0,15,15,134,0,0,0,0,0,0,0,0,0,0,0,0,0,0,0,0,0,0,0,0,0,0,0,0,0,0,0,0,0,0,25,0,6,3,34,5,0,0,0,5,6,0,0,0,6,2,0,0,0,2,2,0,0,0,2,1,0,0,0,1,4,0,0,0,4,0,0,0,0,0,7,0,1,2,10,5,0,0,0,5,5,0,0,0,5,0,0,0,0,0,26,0,0,0,26,0,0,0,0,0,2,0,0,0,2,0,0,0,0,0,90,0,7,5,102,Rhode Island,48,Massachusetts,16,New Jersey,12,0
RUTGERS UNIVERSITY,223,17,0,3,243,14,3,0,1,18,15,1,2,3,21,2,0,1,1,4,1,0,0,0,1,0,0,0,0,0,1,7,4,13,6,318,0,0,0,0,0,1,0,0,0,1,0,0,0,0,0,0,0,0,0,0,1,0,0,0,1,1,0,0,1,2,22,2,1,0,25,7,0,0,2,9,2,0,0,0,2,7,0,0,0,7,4,0,1,0,5,10,0,0,0,10,13,0,0,0,13,5,0,0,0,5,26,1,0,4,31,13,2,1,0,16,14,1,0,1,16,1,0,0,0,1,130,15,0,0,145,0,0,0,0,0,0,0,0,0,0,0,0,0,0,0,255,21,3,8,287,New Jersey,212,New York,43,Pennsylvania,19,0
SAINT LOUIS UNIVERSITY,132,0,0,0,132,17,1,0,0,18,1,0,0,0,1,0,0,0,1,1,0,0,0,0,0,0,0,0,0,0,0,0,1,10,1,164,0,0,0,0,0,0,0,0,0,0,0,0,0,0,0,0,0,0,0,0,0,0,0,0,0,4,0,0,0,4,39,0,0,0,39,9,0,0,0,9,6,0,0,0,6,1,0,0,0,1,14,0,0,0,14,10,0,0,0,10,11,0,0,0,11,0,0,0,0,0,20,1,0,1,22,20,0,0,0,20,10,0,0,0,10,1,0,0,0,1,2,0,0,0,2,0,0,0,0,0,3,0,0,0,3,0,0,0,0,0,150,1,0,1,152,Missouri,107,Illinois,20,California,2,1
SAMFORD UNIVERSITY,103,0,1,0,104,7,0,1,0,8,3,0,1,0,4,0,0,0,0,0,0,0,0,0,0,0,0,0,0,0,5,3,0,7,2,133,0,0,0,0,0,0,0,0,0,0,0,0,0,0,0,0,0,0,0,0,0,0,0,0,0,0,0,0,0,0,41,0,2,0,43,14,0,0,0,14,7,0,0,0,7,3,0,0,0,3,4,0,0,0,4,3,0,0,0,3,2,0,0,0,2,0,0,0,0,0,11,0,1,0,12,10,0,0,0,10,6,0,0,0,6,4,0,0,0,4,7,0,0,0,7,0,0,0,0,0,1,0,0,0,1,0,0,0,0,0,113,0,3,0,116,Alabama,83,Florida,9,Georgia,8,0
"SAN DIEGO, UNIVERSITY OF",124,3,3,0,130,13,2,2,1,18,3,1,1,0,5,1,0,1,0,2,0,0,0,0,0,0,0,0,0,0,3,2,1,22,0,183,0,0,0,0,0,0,0,0,0,0,0,0,0,0,0,0,0,0,0,0,0,0,0,0,0,0,0,0,0,0,36,0,3,0,39,15,0,0,0,15,12,0,0,0,12,6,0,0,0,6,7,1,1,0,9,5,0,0,0,5,22,0,0,0,22,0,0,0,0,0,16,4,3,1,24,10,0,0,0,10,9,0,0,0,9,2,1,0,0,3,1,0,0,0,1,0,0,0,0,0,0,0,0,0,0,0,0,0,0,0,141,6,7,1,155,California,137,Alabama,2,Colorado,2,1
"SAN FRANCISCO, UNIVERSITY OF",47,5,1,0,53,12,2,3,4,21,1,0,1,0,2,0,0,2,0,2,0,0,0,0,0,0,0,0,0,0,0,1,13,25,2,119,0,0,0,0,0,0,0,0,0,0,0,0,0,0,0,0,0,0,0,0,0,0,0,0,0,1,0,0,0,1,16,1,1,2,20,6,1,0,0,7,1,0,0,0,1,1,0,0,0,1,4,2,0,0,6,0,0,0,0,0,7,0,0,0,7,0,0,0,0,0,7,1,5,1,14,8,2,0,1,11,5,0,0,0,5,2,0,0,0,2,1,0,0,0,1,0,0,0,0,0,1,0,1,0,2,0,0,0,0,0,60,7,7,4,78,California,75,District of Columbia,2,Hawaii,1,0
SANTA CLARA UNIVERSITY,128,2,2,1,133,15,2,3,2,22,2,0,0,1,3,0,0,1,0,1,0,0,0,7,7,0,0,0,0,0,0,3,3,37,2,211,0,0,0,0,0,0,0,0,7,7,0,0,0,0,0,0,0,0,0,0,0,0,0,7,7,1,0,0,0,1,31,1,2,0,34,13,0,0,0,13,2,0,0,0,2,7,0,1,0,8,1,0,0,0,1,2,0,0,0,2,27,0,0,0,27,0,0,0,0,0,34,1,2,4,41,18,0,0,0,18,6,1,1,0,8,2,0,0,0,2,0,1,0,0,1,0,0,0,0,0,1,0,0,7,8,0,0,0,0,0,145,4,6,11,166,California,142,Utah,2,District of Columbia,1,1
SEATTLE UNIVERSITY,114,4,1,1,120,13,5,2,2,22,4,0,2,4,10,0,1,1,0,2,0,0,0,0,0,0,0,0,0,0,2,1,4,14,7,182,0,0,0,0,0,0,0,0,0,0,0,0,0,0,0,0,0,0,0,0,0,0,0,0,0,2,0,0,0,2,31,0,2,3,36,15,0,1,0,16,6,0,0,0,6,3,0,0,0,3,4,0,0,0,4,0,0,0,0,0,10,0,0,0,10,0,0,0,0,0,14,3,2,3,22,15,2,1,0,18,16,5,0,0,21,0,0,0,0,0,14,0,0,0,14,0,0,0,0,0,1,0,0,1,2,0,0,0,0,0,131,10,6,7,154,Washington,128,California,6,Alaska,5,1
SETON HALL UNIVERSITY,122,3,0,0,125,5,0,0,0,5,5,0,0,0,5,0,0,1,0,1,0,0,0,0,0,0,0,0,0,0,1,0,0,3,0,140,0,0,0,0,0,0,0,0,0,0,0,0,0,0,0,0,0,0,0,0,0,0,0,0,0,0,0,0,0,0,5,1,0,0,6,4,0,0,0,4,0,0,0,0,0,5,0,0,0,5,4,0,0,0,4,7,0,0,0,7,10,0,0,0,10,0,0,0,0,0,12,0,1,0,13,7,0,0,0,7,0,0,0,0,0,3,0,0,0,3,74,2,0,0,76,1,0,0,0,1,0,0,0,0,0,0,0,0,0,0,132,3,1,0,136,New Jersey,112,New York,21,District Of Columbia,1,0
"SOUTH CAROLINA, UNIVERSITY OF",145,2,0,2,149,16,2,1,0,19,1,0,0,1,2,1,1,1,2,5,0,0,0,0,0,0,0,0,0,0,6,2,6,15,1,205,0,0,0,0,0,0,0,0,0,0,0,0,0,0,0,0,0,0,0,0,0,0,0,0,0,0,0,0,0,0,34,1,0,2,37,17,0,0,0,17,6,0,0,0,6,3,0,0,0,3,8,0,0,0,8,3,0,0,0,3,7,0,0,0,7,3,0,0,0,3,9,2,2,3,16,26,0,0,0,26,7,0,0,0,7,3,1,0,0,4,33,1,0,0,34,0,0,0,0,0,4,0,0,0,4,0,0,0,0,0,163,5,2,5,175,South Carolina,133,North Carolina,11,Georgia,7,1
"SOUTH DAKOTA, UNIVERSITY OF",35,0,3,0,38,5,0,0,0,5,0,0,1,0,1,0,0,0,1,1,0,0,0,0,0,0,0,0,0,0,0,2,0,2,1,50,0,0,0,0,0,0,0,0,0,0,0,0,0,0,0,0,0,0,0,0,0,0,0,0,0,1,0,0,0,1,7,0,2,0,9,2,0,0,0,2,1,0,0,0,1,0,0,0,0,0,0,0,0,0,0,0,0,0,0,0,0,0,0,0,0,0,0,0,0,0,2,0,0,1,3,10,0,0,0,10,6,0,1,0,7,2,0,0,0,2,9,0,0,0,9,0,0,0,0,0,0,0,1,0,1,0,0,0,0,0,40,0,4,1,45,South Dakota,35,Iowa,2,Utah,2,0
SOUTH TEXAS COLLEGE OF LAW HOUSTON,173,3,3,0,179,17,5,1,1,24,6,1,0,2,9,0,0,0,0,0,1,0,0,0,1,0,0,0,2,2,6,5,2,34,0,262,1,0,0,0,1,0,0,0,0,0,0,0,0,0,0,0,0,0,0,0,1,0,0,0,1,4,0,0,0,4,65,3,2,1,71,25,1,1,0,27,14,0,0,0,14,9,1,0,0,10,5,0,0,0,5,4,0,0,0,4,7,1,0,0,8,0,0,0,0,0,25,3,0,2,30,31,0,1,0,32,4,0,0,0,4,3,0,0,0,3,0,0,0,0,0,0,0,0,0,0,1,0,0,1,2,0,0,0,1,1,197,9,4,5,215,Texas,209,Colorado,1,District of Columbia,1,0
"SOUTHERN CALIFORNIA, UNIVERSITY OF",191,1,0,0,192,11,1,5,0,17,1,0,0,0,1,0,0,0,0,0,1,3,0,0,4,0,0,0,0,0,5,0,0,5,0,224,1,3,0,0,4,0,0,0,0,0,0,0,0,0,0,0,0,0,0,0,1,3,0,0,4,0,0,0,0,0,32,0,0,0,32,7,0,1,0,8,2,0,0,0,2,6,0,0,0,6,7,0,0,0,7,13,0,0,0,13,89,1,0,0,90,0,0,0,0,0,16,1,4,0,21,12,2,0,0,14,9,1,0,0,10,5,0,0,0,5,3,0,0,0,3,0,0,0,0,0,3,0,0,0,3,0,0,0,0,0,204,5,5,0,214,California,180,New York,9,District of Columbia,3,5
SOUTHERN ILLINOIS UNIVERSITY-CARBONDALE,52,1,0,0,53,4,0,1,0,5,0,0,0,0,0,1,0,0,0,1,0,0,0,0,0,0,0,0,0,0,0,1,3,17,4,84,0,0,0,0,0,0,0,0,0,0,0,0,0,0,0,0,0,0,0,0,0,0,0,0,0,1,0,0,0,1,25,0,0,0,25,6,0,0,0,6,4,0,0,0,4,4,0,0,0,4,2,0,0,0,2,0,0,0,0,0,0,0,0,0,0,0,0,0,0,0,0,0,1,0,1,14,0,0,0,14,0,0,0,0,0,1,0,0,0,1,0,0,0,0,0,0,1,0,0,1,0,0,0,0,0,0,0,0,0,0,57,1,1,0,59,Illinois,26,Missouri,13,Florida,3,1
SOUTHERN METHODIST UNIVERSITY,233,1,1,1,236,12,2,0,1,15,3,0,2,0,5,1,0,0,0,1,0,0,0,0,0,0,0,0,0,0,2,0,1,15,0,275,0,0,0,0,0,0,0,0,0,0,0,0,0,0,0,0,0,0,0,0,0,0,0,0,0,1,0,0,0,1,51,0,1,1,53,24,0,0,0,24,15,0,0,0,15,10,0,0,0,10,16,0,0,0,16,16,0,0,0,16,49,0,0,0,49,0,0,0,0,0,23,3,2,1,29,28,0,0,0,28,6,0,0,0,6,3,0,0,0,3,4,0,0,0,4,1,0,0,0,1,2,0,0,0,2,0,0,0,0,0,249,3,3,2,257,Texas,237,District of Columbia,5,California,2,2
SOUTHERN UNIVERSITY,68,0,0,0,68,21,0,2,0,23,31,0,1,1,33,4,0,3,0,7,0,1,0,0,1,0,0,0,0,0,6,0,2,13,2,155,0,0,0,0,0,0,0,0,0,0,0,1,0,0,1,0,0,0,0,0,0,1,0,0,1,4,0,1,0,5,24,0,1,0,25,5,0,0,0,5,4,0,0,0,4,3,0,0,0,3,2,0,0,0,2,1,0,0,0,1,1,0,0,0,1,0,0,0,0,0,20,0,2,0,22,27,0,1,0,28,12,0,0,0,12,1,0,0,0,1,14,0,0,0,14,0,0,0,0,0,6,1,1,1,9,0,0,0,0,0,124,1,6,1,132,Louisiana,114,Georgia,4,Texas,4,0
SOUTHWESTERN LAW SCHOOL,92,1,0,1,94,37,0,6,0,43,18,0,3,0,21,2,0,0,0,2,0,4,0,0,4,0,0,0,0,0,5,0,8,21,2,200,0,0,0,0,0,0,4,0,0,4,0,0,0,0,0,0,0,0,0,0,0,4,0,0,4,4,0,0,0,4,57,0,3,0,60,11,0,0,0,11,8,0,0,0,8,1,0,0,0,1,2,0,0,0,2,1,0,0,0,1,3,0,0,0,3,1,0,0,1,2,38,1,3,0,42,12,0,1,0,13,7,4,0,0,11,1,0,0,0,1,3,0,0,0,3,0,0,0,0,0,0,0,2,0,2,0,0,0,0,0,149,5,9,1,164,California,134,Colorado,3,New York,2,0
ST. JOHN'S UNIVERSITY,192,0,1,0,193,10,1,3,0,14,1,0,0,0,1,0,0,0,0,0,0,0,0,0,0,0,0,0,0,0,0,1,0,13,0,222,0,0,0,0,0,0,0,0,0,0,0,0,0,0,0,0,0,0,0,0,0,0,0,0,0,0,0,0,0,0,26,0,1,0,27,18,0,0,0,18,11,0,0,0,11,29,0,0,0,29,5,0,0,0,5,6,0,0,0,6,29,0,0,0,29,0,0,0,0,0,19,1,2,0,22,45,0,0,0,45,7,0,0,0,7,3,0,0,0,3,5,0,0,0,5,0,0,0,0,0,0,0,1,0,1,0,0,0,0,0,203,1,4,0,208,New York,191,New Jersey,5,Virginia,2,1
ST. MARY'S UNIVERSITY,131,1,2,0,134,22,1,5,2,30,12,0,3,0,15,1,0,0,0,1,0,0,0,0,0,0,0,0,0,0,1,3,4,22,0,210,0,0,0,0,0,0,0,0,0,0,0,0,0,0,0,0,0,0,0,0,0,0,0,0,0,0,0,0,0,0,67,1,3,0,71,16,0,0,0,16,1,0,0,0,1,16,0,0,0,16,1,0,0,0,1,2,0,0,0,2,0,0,0,0,0,0,0,0,0,0,20,1,4,2,27,27,0,1,0,28,10,0,2,0,12,1,0,0,0,1,1,0,0,0,1,0,0,0,0,0,4,0,0,0,4,0,0,0,0,0,166,2,10,2,180,Texas,165,New York,7,District of Columbia,2,0
ST. THOMAS UNIVERSITY (FLORIDA),102,0,1,1,104,10,3,1,0,14,13,0,1,1,15,0,1,1,0,2,0,0,0,0,0,0,0,0,0,0,15,1,3,22,0,176,0,0,0,0,0,0,0,0,0,0,0,0,0,0,0,0,0,0,0,0,0,0,0,0,0,8,0,0,1,9,38,3,3,0,44,8,0,0,0,8,7,0,0,0,7,1,0,0,0,1,3,0,0,0,3,3,0,0,0,3,2,0,0,0,2,1,0,0,0,1,18,1,1,1,21,17,0,0,0,17,15,0,0,0,15,1,0,0,0,1,3,0,0,0,3,0,0,0,0,0,0,0,0,0,0,0,0,0,0,0,125,4,4,2,135,Florida,125,New York,3,California,2,0
"ST. THOMAS, UNIVERSITY OF (MINNESOTA)",94,1,0,0,95,15,4,1,3,23,2,0,0,0,2,0,0,0,0,0,1,0,0,0,1,0,0,0,0,0,0,1,0,9,0,131,1,0,0,0,1,0,0,0,0,0,0,0,0,0,0,0,0,0,0,0,1,0,0,0,1,1,0,0,0,1,16,0,1,0,17,6,0,0,0,6,7,0,0,0,7,1,0,0,0,1,3,0,0,0,3,1,0,0,0,1,2,0,0,0,2,0,0,0,1,1,18,4,0,2,24,16,0,0,0,16,9,1,0,0,10,4,0,0,0,4,28,0,0,0,28,0,0,0,0,0,0,0,0,0,0,0,0,0,0,0,112,5,1,3,121,Minnesota,100,Wisconsin,4,Colorado,2,0
STANFORD UNIVERSITY,155,0,1,0,156,9,0,0,0,9,2,0,0,0,2,0,0,0,0,0,8,3,0,0,11,0,0,0,0,0,2,0,1,1,0,182,8,2,0,0,10,0,1,0,0,1,0,0,0,0,0,0,0,0,0,0,8,3,0,0,11,0,0,0,0,0,0,0,0,0,0,0,0,0,0,0,2,0,0,0,2,2,0,0,0,2,2,0,0,0,2,8,0,1,0,9,75,0,0,0,75,0,0,0,0,0,9,0,0,0,9,7,0,0,0,7,12,3,0,0,15,53,0,0,0,53,3,0,0,0,3,0,0,0,0,0,1,0,0,0,1,0,0,0,0,0,174,3,1,0,178,California,74,New York,25,District of Columbia,15,0
STETSON UNIVERSITY,177,2,4,0,183,24,3,6,2,35,2,1,2,0,5,0,0,2,1,3,0,1,0,1,2,0,0,0,2,2,6,5,1,10,0,252,0,0,0,0,0,0,1,0,1,2,0,0,0,0,0,0,0,0,0,0,0,1,0,1,2,2,0,1,0,3,46,0,4,1,51,11,0,0,0,11,10,0,0,0,10,8,0,0,0,8,11,0,0,0,11,13,0,0,0,13,6,0,1,0,7,0,0,0,0,0,35,4,5,1,45,27,1,1,0,29,24,1,2,1,28,2,0,0,0,2,3,0,0,0,3,0,0,0,0,0,5,1,0,1,7,0,0,0,2,2,203,7,14,6,230,Florida,205,Maryland,3,Pennsylvania,3,1
SUFFOLK UNIVERSITY,177,0,0,0,177,60,5,6,2,73,7,0,1,3,11,3,1,2,2,8,0,0,0,0,0,0,0,0,0,0,3,0,4,29,0,305,0,0,0,0,0,0,0,0,0,0,0,0,0,0,0,0,0,0,0,0,0,0,0,0,0,0,0,0,0,0,55,1,4,2,62,14,0,0,0,14,11,0,0,0,11,20,0,0,0,20,9,0,0,0,9,1,0,0,0,1,27,0,0,0,27,0,0,0,0,0,51,3,4,2,60,32,1,1,2,36,10,0,0,0,10,2,0,0,0,2,12,0,0,0,12,0,0,0,0,0,3,0,0,1,4,0,1,0,0,1,247,6,9,7,269,Massachusetts,215,New York,10,Rhode Island,7,0
SYRACUSE UNIVERSITY,127,1,2,1,131,10,1,0,1,12,0,0,0,1,1,1,0,0,0,1,0,0,0,0,0,0,0,0,0,0,8,0,2,12,16,183,0,0,0,0,0,0,0,0,0,0,0,0,0,0,0,0,0,0,0,0,0,0,0,0,0,0,0,0,0,0,23,0,1,0,24,8,0,0,0,8,19,0,0,0,19,4,0,1,0,5,3,0,0,0,3,5,0,0,0,5,3,0,0,0,3,0,0,0,0,0,10,0,0,2,12,24,1,0,0,25,16,1,0,1,18,2,0,0,0,2,20,0,0,0,20,0,0,0,0,0,1,0,0,0,1,0,0,0,0,0,138,2,2,3,145,New York,82,New Jersey,8,District of Columbia,7,0
TEMPLE UNIVERSITY,174,5,0,0,179,22,0,1,0,23,1,0,0,0,1,1,0,0,0,1,0,0,0,0,0,0,0,0,0,0,1,0,1,9,1,216,0,0,0,0,0,0,0,0,0,0,0,0,0,0,0,0,0,0,0,0,0,0,0,0,0,0,0,0,0,0,22,0,0,0,22,10,0,0,0,10,8,0,0,0,8,3,0,0,0,3,16,0,0,0,16,6,0,0,0,6,25,0,0,0,25,0,0,0,0,0,17,0,1,0,18,24,0,0,0,24,22,0,0,0,22,9,1,0,0,10,35,4,0,0,39,1,0,0,0,1,0,0,0,0,0,0,0,0,0,0,198,5,1,0,204,Pennsylvania,140,New Jersey,26,District of Columbia,9,1
"TENNESSEE, UNIVERSITY OF",90,1,1,1,93,8,1,0,1,10,1,0,0,0,1,0,2,0,0,2,0,0,0,0,0,0,0,0,0,0,2,1,0,4,0,113,0,0,0,0,0,0,0,0,0,0,0,0,0,0,0,0,0,0,0,0,0,0,0,0,0,0,0,1,0,1,29,0,0,1,30,8,0,0,0,8,5,0,0,0,5,1,0,0,0,1,3,0,0,0,3,9,1,0,0,10,4,0,0,0,4,0,0,0,0,0,10,2,0,1,13,18,0,0,0,18,3,1,0,0,4,4,0,0,0,4,5,0,0,0,5,0,0,0,0,0,0,0,0,0,0,0,0,0,0,0,99,4,1,2,106,Tennessee,83,North Carolina,6,Ohio,3,0
TEXAS A&M UNIVERSITY,107,0,0,1,108,13,0,0,0,13,0,0,0,0,0,0,0,0,1,1,0,0,0,0,0,0,1,0,0,1,1,2,0,4,0,130,0,0,0,0,0,0,0,0,0,0,0,0,0,0,0,0,0,0,0,0,0,0,0,0,0,2,0,0,0,2,33,0,0,1,34,11,0,0,0,11,4,0,0,0,4,9,0,0,0,9,4,0,0,0,4,2,0,0,0,2,4,0,0,0,4,0,0,0,0,0,16,0,0,1,17,20,0,0,0,20,5,0,0,0,5,4,0,0,0,4,6,0,0,0,6,0,0,0,0,0,0,0,0,0,0,0,1,0,0,1,120,1,0,2,123,Texas,113,Virginia,3,Tennessee,2,0
"TEXAS AT AUSTIN, UNIVERSITY OF",255,3,0,0,258,6,1,2,0,9,2,0,2,0,4,0,0,0,0,0,6,0,0,0,6,0,0,0,0,0,4,1,0,13,2,297,6,0,0,0,6,0,0,0,0,0,0,0,0,0,0,0,0,0,0,0,6,0,0,0,6,1,0,0,0,1,18,1,0,0,19,13,0,0,0,13,8,0,0,0,8,6,0,0,0,6,13,0,0,0,13,11,0,0,0,11,98,0,0,0,98,0,0,0,0,0,10,2,4,0,16,29,1,0,0,30,21,0,0,0,21,34,0,0,0,34,6,0,0,0,6,0,0,0,0,0,1,0,0,0,1,0,0,0,0,0,269,4,4,0,277,Texas,210,California,11,District of Columbia,11,3
TEXAS SOUTHERN UNIVERSITY,93,2,5,0,100,7,1,2,0,10,5,0,3,0,8,2,0,2,0,4,0,0,0,0,0,0,0,0,1,1,6,2,10,27,5,173,0,0,0,0,0,0,0,0,0,0,0,0,0,0,0,0,0,0,0,0,0,0,0,0,0,14,0,1,0,15,36,0,4,0,40,6,0,0,0,6,2,0,0,0,2,1,0,0,0,1,3,0,0,0,3,2,0,0,0,2,1,0,0,0,1,9,1,0,0,10,13,2,5,1,21,16,0,1,0,17,1,0,0,0,1,1,0,0,0,1,1,0,0,0,1,0,0,0,0,0,1,0,1,0,2,0,0,0,0,0,107,3,12,1,123,Texas,115,Arkansas,2,New York,1,0
TEXAS TECH UNIVERSITY,103,3,1,4,111,8,1,0,1,10,1,0,0,0,1,0,0,0,0,0,0,0,0,0,0,0,0,0,1,1,1,1,0,10,0,135,0,0,0,0,0,0,0,0,0,0,0,0,0,0,0,0,0,0,0,0,0,0,0,0,0,0,0,0,1,1,45,0,1,2,48,20,0,0,0,20,11,0,0,0,11,1,0,0,0,1,1,1,0,0,2,1,0,0,0,1,2,0,0,0,2,0,0,0,0,0,8,1,0,2,11,12,2,0,0,14,2,0,0,0,2,4,0,0,0,4,5,0,0,0,5,0,0,0,0,0,0,0,0,0,0,0,0,0,1,1,112,4,1,6,123,Texas,112,New Mexico,3,Colorado,2,0
"TOLEDO, UNIVERSITY OF",49,0,2,1,52,15,0,1,0,16,1,0,0,1,2,2,0,0,0,2,0,0,0,0,0,0,0,0,0,0,0,1,2,3,2,80,0,0,0,0,0,0,0,0,0,0,0,0,0,0,0,0,0,0,0,0,0,0,0,0,0,0,0,0,0,0,24,0,0,1,25,4,0,0,0,4,4,0,0,0,4,1,0,0,0,1,3,0,0,0,3,0,0,0,0,0,0,0,0,0,0,0,0,0,0,0,11,0,1,1,13,8,0,0,0,8,7,0,2,0,9,2,0,0,0,2,0,0,0,0,0,0,0,0,0,0,3,0,0,0,3,0,0,0,0,0,67,0,3,2,72,Ohio,41,Michigan,19,Illinois,4,0
TOURO COLLEGE,85,0,4,0,89,3,1,0,1,5,4,0,3,0,7,1,0,1,0,2,0,0,0,0,0,0,0,0,0,0,1,1,0,6,2,113,0,0,0,0,0,0,0,0,0,0,0,0,0,0,0,0,0,0,0,0,0,0,0,0,0,1,0,1,0,2,34,1,2,0,37,9,0,0,0,9,7,0,0,0,7,2,0,0,0,2,2,0,1,0,3,1,0,0,0,1,1,0,0,0,1,1,0,0,0,1,6,0,3,0,9,18,0,0,0,18,7,0,0,1,8,0,0,0,0,0,4,0,0,0,4,0,0,0,0,0,0,0,1,0,1,0,0,0,0,0,93,1,8,1,103,New York,95,New Jersey,6,Virginia,1,0
TULANE UNIVERSITY,120,0,0,1,121,16,1,7,4,28,0,1,1,0,2,0,0,2,0,2,2,2,0,1,5,0,0,0,0,0,3,2,0,9,3,175,2,0,0,0,2,0,1,0,0,1,0,0,0,0,0,0,1,0,1,2,2,2,0,1,5,2,0,0,0,2,17,0,2,0,19,7,1,0,0,8,13,0,1,0,14,5,0,0,0,5,9,0,0,1,10,9,0,0,0,9,27,0,0,0,27,0,0,0,0,0,13,1,5,2,21,8,0,1,0,9,13,1,1,2,17,7,0,0,0,7,5,0,0,0,5,2,0,0,0,2,1,1,0,1,3,0,0,0,0,0,138,4,10,6,158,Louisiana,52,Texas,28,New York,15,4
"TULSA, UNIVERSITY OF",62,0,0,0,62,16,1,0,0,17,3,0,0,0,3,0,0,0,0,0,0,0,0,0,0,0,0,0,1,1,2,1,1,1,0,88,0,0,0,0,0,0,0,0,0,0,0,0,0,0,0,0,0,0,0,0,0,0,0,0,0,2,0,0,0,2,22,0,0,0,22,18,0,0,0,18,2,0,0,0,2,0,0,0,0,0,2,0,0,0,2,0,0,0,0,0,2,0,0,0,2,0,0,0,0,0,12,1,0,1,14,9,0,0,0,9,8,0,0,0,8,2,0,0,0,2,0,0,0,0,0,0,0,0,0,0,2,0,0,0,2,0,0,0,0,0,81,1,0,1,83,Oklahoma,58,Texas,12,Virginia,3,2
UNIVERSITY OF BUFFALO-SUNY,96,4,0,0,100,17,1,1,0,19,1,0,0,0,1,0,0,0,0,0,0,0,0,0,0,0,0,0,0,0,2,0,5,13,1,141,0,0,0,0,0,0,0,0,0,0,0,0,0,0,0,0,0,0,0,0,0,0,0,0,0,0,0,0,0,0,29,2,1,0,32,12,0,0,0,12,14,0,0,0,14,3,1,0,0,4,11,0,0,0,11,6,1,0,0,7,2,0,0,0,2,0,0,0,0,0,6,0,0,0,6,12,0,0,0,12,9,0,0,0,9,4,0,0,0,4,4,0,0,0,4,0,0,0,0,0,2,0,0,0,2,0,1,0,0,1,114,5,1,0,120,New York,113,Florida,1,Massachusetts,1,1
UNIVERSITY OF MASSACHUSETTS DARTMOUTH,28,1,3,0,32,4,0,1,0,5,0,0,1,0,1,0,0,0,0,0,0,0,0,0,0,0,0,0,0,0,1,0,2,4,1,46,0,0,0,0,0,0,0,0,0,0,0,0,0,0,0,0,0,0,0,0,0,0,0,0,0,4,0,0,0,4,10,0,2,0,12,2,0,1,0,3,2,0,0,0,2,0,0,0,0,0,0,0,0,0,0,0,0,0,0,0,0,0,0,0,0,0,0,0,0,0,4,0,2,0,6,3,0,0,0,3,4,1,0,0,5,0,0,0,0,0,3,0,0,0,3,0,0,0,0,0,0,0,0,0,0,0,0,0,0,0,32,1,5,0,38,Massachusetts,22,New York,3,Rhode Island,3,0
UNIVERSITY OF NEVADA - LAS VEGAS,97,2,1,0,100,6,0,0,0,6,5,0,0,0,5,0,0,0,0,0,1,0,0,0,1,0,0,0,0,0,2,1,2,4,0,121,1,0,0,0,1,0,0,0,0,0,0,0,0,0,0,0,0,0,0,0,1,0,0,0,1,1,0,0,0,1,25,1,1,0,27,9,0,0,0,9,4,0,0,0,4,3,0,0,0,3,3,0,0,0,3,4,0,0,0,4,4,0,0,0,4,0,0,0,0,0,6,0,0,0,6,7,0,0,0,7,3,0,0,0,3,2,0,0,0,2,36,1,0,0,37,0,0,0,0,0,2,0,0,0,2,0,0,0,0,0,109,2,1,0,112,Nevada,106,California,1,District of Columbia,1,0
UNT DALLAS COLLEGE OF LAW,56,2,3,1,62,11,0,0,0,11,12,0,1,2,15,1,1,1,0,3,0,0,0,0,0,0,0,0,0,0,0,5,3,9,5,113,0,0,0,0,0,0,0,0,0,0,0,0,0,0,0,0,0,0,0,0,0,0,0,0,0,5,0,0,0,5,20,0,3,0,23,7,1,0,0,8,5,0,0,0,5,2,0,0,0,2,0,0,0,0,0,0,1,0,0,1,1,0,0,0,1,0,0,0,0,0,21,1,2,2,26,13,0,0,0,13,1,0,0,0,1,1,0,0,0,1,1,0,0,0,1,0,0,0,0,0,3,0,0,1,4,0,0,0,0,0,80,3,5,3,91,Texas,82,Missouri,1,Oregon,1,0
"UTAH, UNIVERSITY OF",64,2,1,0,67,12,0,0,0,12,1,1,0,0,2,0,1,0,1,2,0,0,0,0,0,0,0,0,0,0,1,0,0,1,0,85,0,0,0,0,0,0,0,0,0,0,0,0,0,0,0,0,0,0,0,0,0,0,0,0,0,1,0,0,0,1,19,1,1,1,22,5,0,0,0,5,1,0,0,0,1,9,0,0,0,9,2,0,0,0,2,2,0,0,0,2,0,0,0,0,0,0,0,0,0,0,9,2,0,0,11,8,1,0,0,9,3,0,0,0,3,3,0,0,0,3,11,0,0,0,11,0,0,0,0,0,4,0,0,0,4,0,0,0,0,0,77,4,1,1,83,Utah,67,Colorado,2,Nevada,2,0
VANDERBILT UNIVERSITY,184,1,1,0,186,9,0,0,0,9,0,0,0,0,0,0,0,0,0,0,3,4,0,0,7,0,0,0,0,0,2,1,0,3,1,209,3,4,0,0,7,0,0,0,0,0,0,0,0,0,0,0,0,0,0,0,3,4,0,0,7,0,0,0,0,0,8,0,0,0,8,6,0,0,0,6,1,0,0,0,1,6,0,0,0,6,7,0,0,0,7,29,0,1,0,30,78,0,0,0,78,0,0,0,0,0,9,0,0,0,9,14,4,0,0,18,15,0,0,0,15,16,0,0,0,16,6,1,0,0,7,0,0,0,0,0,1,0,0,0,1,0,0,0,0,0,196,5,1,0,202,Tennessee,35,New York,27,District of Columbia,22,2
VERMONT LAW SCHOOL,63,0,4,1,68,15,1,2,0,18,2,0,0,0,2,2,1,1,0,4,0,0,0,0,0,0,0,0,0,0,3,3,1,19,0,118,0,0,0,0,0,0,0,0,0,0,0,0,0,0,0,0,0,0,0,0,0,0,0,0,0,0,0,0,0,0,7,0,4,1,12,5,0,0,0,5,1,0,0,0,1,3,0,0,0,3,1,0,0,0,1,1,0,0,0,1,0,0,0,0,0,0,0,0,0,0,7,2,2,0,11,21,0,1,0,22,8,0,0,0,8,0,0,0,0,0,27,0,0,0,27,0,0,0,0,0,1,0,0,0,1,0,0,0,0,0,82,2,7,1,92,Vermont,19,New York,10,New Jersey,9,1
VILLANOVA UNIVERSITY,181,1,1,0,183,17,3,0,0,20,1,1,0,0,2,1,0,0,0,1,0,0,0,0,0,0,0,0,0,0,1,0,1,3,0,211,0,0,0,0,0,0,0,0,0,0,0,0,0,0,0,0,0,0,0,0,0,0,0,0,0,0,0,0,0,0,22,0,1,0,23,8,0,0,0,8,19,0,0,0,19,11,0,0,0,11,15,0,0,0,15,4,1,0,0,5,28,0,0,0,28,0,0,0,0,0,22,2,0,0,24,12,1,0,0,13,10,0,0,0,10,3,0,0,0,3,46,1,0,0,47,0,0,0,0,0,0,0,0,0,0,0,0,0,0,0,200,5,1,0,206,Pennsylvania,120,New Jersey,26,Delaware,16,2
"VIRGINIA, UNIVERSITY OF",269,0,1,1,271,4,1,0,0,5,0,0,0,0,0,0,0,0,0,0,7,0,0,0,7,0,0,0,0,0,2,0,1,0,0,286,6,0,0,0,6,1,0,0,0,1,0,0,0,0,0,0,0,0,0,0,7,0,0,0,7,0,0,0,0,0,4,0,1,0,5,2,0,0,0,2,2,0,0,0,2,7,0,0,0,7,4,0,0,0,4,14,0,0,0,14,161,0,0,0,161,0,0,0,1,1,6,1,0,0,7,13,0,0,0,13,8,0,0,0,8,45,0,0,0,45,13,0,0,0,13,0,0,0,0,0,1,0,0,0,1,0,0,0,0,0,280,1,1,1,283,New York,67,District of Columbia,60,Virginia,30,0
WAKE FOREST UNIVERSITY,131,1,2,0,134,14,1,0,0,15,1,0,0,1,2,0,0,0,0,0,0,0,0,0,0,0,0,0,0,0,4,0,1,5,0,161,0,0,0,0,0,0,0,0,0,0,0,0,0,0,0,0,0,0,0,0,0,0,0,0,0,0,0,0,0,0,22,0,0,0,22,5,0,0,0,5,6,0,0,0,6,6,0,0,0,6,6,0,0,0,6,7,0,0,0,7,26,0,1,0,27,0,0,0,0,0,17,0,0,1,18,18,0,0,0,18,8,0,1,0,9,7,1,0,0,8,17,0,0,0,17,0,0,0,0,0,1,1,0,0,2,0,0,0,0,0,146,2,2,1,151,North Carolina,70,New York,16,District of Columbia,12,1
WASHBURN UNIVERSITY,84,0,1,0,85,1,0,2,1,4,3,0,0,0,3,0,0,0,0,0,0,0,0,0,0,0,0,0,0,0,2,0,0,8,0,102,0,0,0,0,0,0,0,0,0,0,0,0,0,0,0,0,0,0,0,0,0,0,0,0,0,0,0,0,0,0,24,0,1,0,25,7,0,0,0,7,5,0,0,0,5,7,0,0,0,7,1,0,0,0,1,1,0,0,0,1,2,0,0,0,2,0,0,0,0,0,8,0,2,1,11,22,0,0,0,22,6,0,0,0,6,3,0,0,0,3,2,0,0,0,2,0,0,0,0,0,0,0,0,0,0,0,0,0,0,0,88,0,3,1,92,Kansas,72,Missouri,11,Texas,4,0
WASHINGTON AND LEE UNIVERSITY,93,0,1,0,94,9,1,0,0,10,0,0,0,0,0,0,0,0,0,0,0,0,0,0,0,0,0,0,0,0,2,0,0,4,0,110,0,0,0,0,0,0,0,0,0,0,0,0,0,0,0,0,0,0,0,0,0,0,0,0,0,0,0,0,0,0,14,0,0,0,14,4,0,0,0,4,0,0,0,0,0,4,0,0,0,4,5,0,0,0,5,7,0,0,0,7,16,0,0,0,16,0,0,0,0,0,7,0,0,0,7,14,1,1,0,16,4,0,0,0,4,11,0,0,0,11,16,0,0,0,16,0,0,0,0,0,0,0,0,0,0,0,0,0,0,0,102,1,1,0,104,Virginia,28,District of Columbia,14,North Carolina,8,1
WASHINGTON UNIVERSITY,210,0,0,3,213,6,0,2,0,8,2,0,0,0,2,0,0,0,0,0,1,0,0,0,1,0,0,0,0,0,3,1,4,1,2,235,1,0,0,0,1,0,0,0,0,0,0,0,0,0,0,0,0,0,0,0,1,0,0,0,1,0,0,0,0,0,15,0,0,3,18,8,0,0,0,8,4,0,0,0,4,9,0,0,0,9,24,0,0,0,24,19,0,0,0,19,55,0,0,0,55,0,0,0,0,0,6,0,2,0,8,28,0,0,0,28,11,0,0,0,11,25,0,0,0,25,12,0,0,0,12,0,0,0,0,0,3,0,0,0,3,0,0,0,0,0,219,0,2,3,224,Missouri,59,New York,29,Illinois,28,5
"WASHINGTON, UNIVERSITY OF",121,1,1,0,123,13,2,3,0,18,0,0,1,0,1,0,0,2,0,2,0,0,0,0,0,0,0,0,0,0,2,2,2,6,1,157,0,0,0,0,0,0,0,0,0,0,0,0,0,0,0,0,0,0,0,0,0,0,0,0,0,1,0,0,0,1,25,0,3,0,28,9,0,0,0,9,4,0,0,0,4,2,0,0,0,2,3,0,0,0,3,7,0,0,0,7,20,0,0,0,20,0,0,0,0,0,10,1,4,0,15,19,1,0,0,20,16,0,0,0,16,5,0,0,0,5,12,1,0,0,13,0,0,0,0,0,1,0,0,0,1,0,0,0,0,0,134,3,7,0,144,Washington,113,California,10,District of Columbia,4,1
WAYNE STATE UNIVERSITY,93,0,1,0,94,18,0,2,0,20,0,0,0,1,1,0,0,0,0,0,0,0,0,0,0,0,0,0,0,0,3,1,2,11,1,133,0,0,0,0,0,0,0,0,0,0,0,0,0,0,0,0,0,0,0,0,0,0,0,0,0,1,0,0,0,1,22,0,1,0,23,7,0,0,0,7,4,0,0,0,4,13,0,0,0,13,8,0,0,0,8,8,0,0,0,8,5,0,0,0,5,0,0,0,0,0,13,0,0,0,13,17,0,1,1,19,6,0,1,0,7,1,0,0,0,1,5,0,0,0,5,0,0,0,0,0,1,0,0,0,1,0,0,0,0,0,111,0,3,1,115,Michigan,105,California,1,Illinois,1,0
WEST VIRGINIA UNIVERSITY,67,0,0,1,68,8,0,0,0,8,3,0,0,3,6,0,2,0,3,5,2,1,0,0,3,0,0,0,0,0,3,0,2,4,3,102,2,0,0,0,2,0,1,0,0,1,0,0,0,0,0,0,0,0,0,0,2,1,0,0,3,0,0,0,0,0,11,0,0,2,13,3,0,0,0,3,5,0,0,0,5,1,0,0,0,1,5,0,0,0,5,5,0,0,0,5,2,0,0,0,2,0,0,0,0,0,10,0,0,3,13,6,0,0,0,6,12,0,0,0,12,7,0,0,0,7,10,0,0,0,10,1,0,0,0,1,2,1,0,0,3,0,0,0,0,0,80,1,0,5,86,West Virginia,64,Pennsylvania,5,Virginia,3,1
WESTERN MICHIGAN UNIVERSITY,95,3,3,0,101,45,2,8,4,59,25,2,9,2,38,6,0,2,0,8,0,0,0,0,0,0,0,0,0,0,2,3,2,63,7,283,0,0,0,0,0,0,0,0,0,0,0,0,0,0,0,0,0,0,0,0,0,0,0,0,0,6,0,0,0,6,53,2,8,2,65,9,0,1,0,10,5,0,0,0,5,0,0,0,0,0,2,0,0,0,2,2,0,0,0,2,3,0,0,0,3,0,0,0,0,0,40,3,10,3,56,28,1,1,1,31,13,0,0,0,13,0,0,0,0,0,5,1,1,0,7,0,0,0,0,0,5,0,1,0,6,0,0,0,0,0,171,7,22,6,206,Michigan,106,Florida,55,Georgia,5,8
WESTERN NEW ENGLAND UNIVERSITY,28,0,0,0,28,4,1,2,5,12,3,0,1,0,4,0,0,0,2,2,0,0,0,0,0,0,0,0,0,0,0,0,2,3,3,54,0,0,0,0,0,0,0,0,0,0,0,0,0,0,0,0,0,0,0,0,0,0,0,0,0,0,0,0,0,0,8,0,2,1,11,2,1,0,0,3,0,0,0,0,0,1,0,0,0,1,2,0,0,0,2,0,0,0,0,0,0,0,0,0,0,2,0,0,3,5,4,0,1,1,6,8,0,0,2,10,3,0,0,0,3,0,0,0,0,0,4,0,0,0,4,1,0,0,0,1,0,0,0,0,0,0,0,0,0,0,35,1,3,7,46,Massachusetts,19,Connecticut,11,New York,5,0
WESTERN STATE COLLEGE OF LAW,41,0,2,0,43,20,2,1,1,24,8,0,1,0,9,0,0,0,0,0,0,0,0,0,0,0,0,0,1,1,1,2,1,18,7,106,0,0,0,0,0,0,0,0,0,0,0,0,0,0,0,0,0,0,0,0,0,0,0,0,0,1,0,0,0,1,25,1,1,0,27,6,0,0,0,6,2,0,0,0,2,5,0,0,0,5,0,0,0,0,0,0,0,0,0,0,1,0,0,0,1,6,0,1,1,8,11,0,2,0,13,7,0,0,0,7,4,1,0,1,6,0,0,0,0,0,0,0,0,0,0,0,0,0,0,0,1,0,0,0,1,0,0,0,0,0,69,2,4,2,77,California,71,Michigan,1,Pennsylvania,1,0
WIDENER UNIVERSITY-DELAWARE,63,0,0,5,68,8,0,2,0,10,6,1,1,1,9,0,0,0,0,0,0,0,0,0,0,0,0,0,1,1,0,0,0,7,9,104,0,0,0,0,0,0,0,0,0,0,0,0,0,0,0,0,0,0,0,0,0,0,0,0,0,0,0,0,0,0,15,0,1,3,19,11,0,0,0,11,4,0,0,0,4,2,0,0,0,2,1,0,0,0,1,0,0,0,0,0,0,0,0,1,1,0,0,0,0,0,7,1,2,0,10,6,0,0,0,6,4,0,0,0,4,1,0,0,0,1,26,0,0,3,29,0,0,0,0,0,0,0,0,0,0,0,0,0,0,0,77,1,3,7,88,Pennsylvania,33,Delaware,24,New Jersey,23,0
WIDENER-COMMONWEALTH,60,2,1,0,63,5,0,1,0,6,1,0,0,0,1,3,0,1,0,4,0,0,0,0,0,0,0,0,0,0,0,0,1,1,0,76,0,0,0,0,0,0,0,0,0,0,0,0,0,0,0,0,0,0,0,0,0,0,0,0,0,0,0,0,0,0,22,0,2,0,24,2,0,0,0,2,4,0,0,0,4,1,0,0,0,1,0,0,0,0,0,0,0,0,0,0,0,0,0,0,0,0,0,0,0,0,5,0,1,0,6,19,0,0,0,19,2,0,0,0,2,2,1,0,0,3,11,1,0,0,12,0,0,0,0,0,0,0,0,0,0,1,0,0,0,1,69,2,3,0,74,Pennsylvania,63,New Jersey,2,New York,2,0
WILLAMETTE UNIVERSITY,60,2,1,0,63,7,1,1,0,9,3,0,0,0,3,1,0,0,0,1,0,0,0,0,0,0,0,0,0,0,0,0,1,9,1,87,0,0,0,0,0,0,0,0,0,0,0,0,0,0,0,0,0,0,0,0,0,0,0,0,0,2,0,0,0,2,27,0,1,0,28,3,0,0,0,3,1,0,0,0,1,2,0,0,0,2,0,0,0,0,0,0,0,0,0,0,1,0,0,0,1,0,0,0,0,0,11,0,0,0,11,9,1,0,0,10,3,0,1,0,4,1,0,0,0,1,10,2,0,0,12,0,0,0,0,0,1,0,0,0,1,0,0,0,0,0,71,3,2,0,76,Oregon,61,Washington,6,Alaska,2,0
WILLIAM AND MARY LAW SCHOOL,189,1,1,0,191,22,2,1,2,27,1,0,0,0,1,0,0,0,0,0,0,0,0,0,0,0,0,0,0,0,0,0,0,10,1,230,0,0,0,0,0,0,0,0,0,0,0,0,0,0,0,0,0,0,0,0,0,0,0,0,0,0,0,0,0,0,15,0,1,0,16,12,0,0,0,12,11,0,0,1,12,17,0,0,0,17,8,0,0,0,8,3,0,0,0,3,24,0,0,0,24,0,0,0,0,0,18,1,1,1,21,45,1,0,0,46,11,0,0,0,11,15,1,0,0,16,29,0,0,0,29,0,0,0,0,0,4,0,0,0,4,0,0,0,0,0,212,3,2,2,219,Virginia,78,District of Columbia,33,New York,19,3
"WISCONSIN, UNIVERSITY OF",133,2,0,0,135,12,0,0,0,12,2,0,0,0,2,0,0,0,0,0,0,0,0,0,0,0,0,0,0,0,3,0,0,3,0,155,0,0,0,0,0,0,0,0,0,0,0,0,0,0,0,0,0,0,0,0,0,0,0,0,0,1,0,0,0,1,26,0,0,0,26,7,0,0,0,7,6,0,0,0,6,1,0,0,0,1,9,0,0,0,9,5,0,0,0,5,17,0,0,0,17,0,0,0,0,0,14,0,0,0,14,26,1,0,0,27,22,0,0,0,22,4,0,0,0,4,7,0,0,0,7,0,0,0,0,0,2,1,0,0,3,0,0,0,0,0,147,2,0,0,149,Wisconsin,106,Illinois,10,Minnesota,6,2
"WYOMING, UNIVERSITY OF",52,0,2,0,54,6,0,2,0,8,0,0,0,0,0,0,0,2,0,2,0,0,0,0,0,0,0,0,0,0,1,0,2,3,0,70,0,0,0,0,0,0,0,0,0,0,0,0,0,0,0,0,0,0,0,0,0,0,0,0,0,0,0,0,0,0,14,0,2,0,16,4,0,0,0,4,1,0,0,0,1,0,0,0,0,0,1,0,0,0,1,0,0,0,0,0,0,0,0,0,0,1,0,0,0,1,8,0,2,0,10,10,0,0,0,10,5,0,0,0,5,4,0,0,0,4,10,0,0,0,10,0,0,0,0,0,0,0,1,0,1,0,0,1,0,1,58,0,6,0,64,Wyoming,34,Colorado,15,Alaska,3,0
YALE UNIVERSITY,172,0,0,0,172,9,0,0,0,9,0,0,0,0,0,0,0,0,0,0,19,2,0,0,21,0,0,0,1,1,10,1,2,0,1,217,14,1,0,0,15,5,1,0,0,6,0,0,0,0,0,0,0,0,0,0,19,2,0,0,21,0,0,0,0,0,0,0,0,0,0,2,0,0,0,2,4,0,0,0,4,0,0,0,0,0,8,0,0,0,8,10,0,0,0,10,67,0,0,0,67,0,0,0,0,0,7,0,0,0,7,5,0,0,0,5,33,1,0,1,35,56,0,0,0,56,4,0,0,0,4,1,1,0,0,2,3,0,0,0,3,0,0,0,0,0,200,2,0,1,203,New York,65,District of Columbia,36,California,23,6
